id,code,name,region,source_risk,geometry,classification_status
0102001,UA01020010000048857,Андріївська територіальна громада,Автономна Республіка Крим,Непереборний,absent,valid
0102003,UA01020030000085835,Ароматненська територіальна громада,Автономна Республіка Крим,Непереборний,present,valid
0102005,UA01020050000056842,Бахчисарайська територіальна громада,Автономна Республіка Крим,Непереборний,present,valid
0102007,UA01020070000057731,Верхньосадівська територіальна громада,Автономна Республіка Крим,Непереборний,absent,valid
0102009,UA01020090000085519,Верхоріченська територіальна громада,Автономна Республіка Крим,Непереборний,present,valid
0102011,UA01020110000025392,Вілінська територіальна громада,Автономна Республіка Крим,Непереборний,present,valid
0102013,UA01020130000011846,Голубинська територіальна громада,Автономна Республіка Крим,Непереборний,present,valid
0102015,UA01020150000013553,Долинненська територіальна громада,Автономна Республіка Крим,Непереборний,present,valid
0102017,UA01020170000026113,Залізничненська територіальна громада,Автономна Республіка Крим,Непереборний,present,valid
0102019,UA01020190000077808,Зеленівська територіальна громада,Автономна Республіка Крим,Непереборний,present,valid
0102021,UA01020210000031011,Інкерманська територіальна громада,Автономна Республіка Крим,Непереборний,absent,valid
0102023,UA01020230000086125,Качинська територіальна громада,Автономна Республіка Крим,Непереборний,absent,valid
0102025,UA01020250000083187,Каштанівська територіальна громада,Автономна Республіка Крим,Непереборний,present,valid
0102027,UA01020270000095791,Красномацька територіальна громада,Автономна Республіка Крим,Непереборний,present,valid
0102029,UA01020290000023695,Куйбишевська територіальна громада,Автономна Республіка Крим,Непереборний,present,valid
0102031,UA01020310000028500,Орлинівська територіальна громада,Автономна Республіка Крим,Непереборний,absent,valid
0102033,UA01020330000026857,Піщанівська територіальна громада,Автономна Республіка Крим,Непереборний,present,valid
0102035,UA01020350000012924,Плодівська територіальна громада,Автономна Республіка Крим,Непереборний,present,valid
0102037,UA01020370000098913,Поштівська територіальна громада,Автономна Республіка Крим,Непереборний,present,valid
0102039,UA01020390000023946,Скалистівська територіальна громада,Автономна Республіка Крим,Непереборний,present,valid
0102041,UA01020410000012183,Табачненська територіальна громада,Автономна Республіка Крим,Непереборний,present,valid
0102043,UA01020430000077222,Тернівська територіальна громада,Автономна Республіка Крим,Непереборний,absent,valid
0102045,UA01020450000039196,Тінистівська територіальна громада,Автономна Республіка Крим,Непереборний,present,valid
0102047,UA01020470000045027,Углівська територіальна громада,Автономна Республіка Крим,Непереборний,present,valid
0104001,UA01040010000012643,Ароматнівська територіальна громада,Автономна Республіка Крим,Непереборний,present,valid
0104003,UA01040030000094499,Багатівська територіальна громада,Автономна Республіка Крим,Непереборний,present,valid
0104005,UA01040050000043618,Білогірська територіальна громада,Автономна Республіка Крим,Непереборний,present,valid
0104007,UA01040070000067477,Василівська територіальна громада,Автономна Республіка Крим,Непереборний,present,valid
0104009,UA01040090000079381,Вишенська територіальна громада,Автономна Республіка Крим,Непереборний,present,valid
0104011,UA01040110000030475,Дрофинська територіальна громада,Автономна Республіка Крим,Непереборний,present,valid
0104013,UA01040130000027316,Желябовська територіальна громада,Автономна Республіка Крим,Непереборний,present,valid
0104015,UA01040150000027533,Жемчужинська територіальна громада,Автономна Республіка Крим,Непереборний,present,valid
0104017,UA01040170000015760,Зеленогірська територіальна громада,Автономна Республіка Крим,Непереборний,present,valid
0104019,UA01040190000020544,Земляничненська територіальна громада,Автономна Республіка Крим,Непереборний,present,valid
0104021,UA01040210000036434,Зибинська територіальна громада,Автономна Республіка Крим,Непереборний,present,valid
0104023,UA01040230000046436,Зоркінська територіальна громада,Автономна Республіка Крим,Непереборний,present,valid
0104025,UA01040250000021026,Зуйська територіальна громада,Автономна Республіка Крим,Непереборний,present,valid
0104027,UA01040270000034439,Іванівська територіальна громада,Автономна Республіка Крим,Непереборний,present,valid
0104029,UA01040290000025831,Ізобільненська територіальна громада,Автономна Республіка Крим,Непереборний,present,valid
0104031,UA01040310000067033,Кісточківська територіальна громада,Автономна Республіка Крим,Непереборний,present,valid
0104033,UA01040330000019963,Кримськорозівська територіальна громада,Автономна Республіка Крим,Непереборний,present,valid
0104035,UA01040350000026880,Криничненська територіальна громада,Автономна Республіка Крим,Непереборний,present,valid
0104037,UA01040370000093220,Курська територіальна громада,Автономна Республіка Крим,Непереборний,present,valid
0104039,UA01040390000094458,Листвинська територіальна громада,Автономна Республіка Крим,Непереборний,present,valid
0104041,UA01040410000039649,Мельнична територіальна громада,Автономна Республіка Крим,Непереборний,present,valid
0104043,UA01040430000084830,Митрофанівська територіальна громада,Автономна Республіка Крим,Непереборний,present,valid
0104045,UA01040450000033279,Михайлівська територіальна громада,Автономна Республіка Крим,Непереборний,present,valid
0104047,UA01040470000054380,Мічурінська територіальна громада,Автономна Республіка Крим,Непереборний,present,valid
0104049,UA01040490000050783,Муромська територіальна громада,Автономна Республіка Крим,Непереборний,present,valid
0104051,UA01040510000040948,Нижньогірська територіальна громада,Автономна Республіка Крим,Непереборний,present,valid
0104053,UA01040530000066139,Новогригорівська територіальна громада,Автономна Республіка Крим,Непереборний,present,valid
0104055,UA01040550000033125,Новожилівська територіальна громада,Автономна Республіка Крим,Непереборний,present,valid
0104057,UA01040570000042023,Омелянівська територіальна громада,Автономна Республіка Крим,Непереборний,present,valid
0104059,UA01040590000047581,Охотська територіальна громада,Автономна Республіка Крим,Непереборний,present,valid
0104061,UA01040610000061821,Пшеничненська територіальна громада,Автономна Республіка Крим,Непереборний,present,valid
0104063,UA01040630000018582,Русаківська територіальна громада,Автономна Республіка Крим,Непереборний,present,valid
0104065,UA01040650000030704,Садова територіальна громада,Автономна Республіка Крим,Непереборний,present,valid
0104067,UA01040670000061265,Уварівська територіальна громада,Автономна Республіка Крим,Непереборний,present,valid
0104069,UA01040690000074143,Цвіточненська територіальна громада,Автономна Республіка Крим,Непереборний,present,valid
0104071,UA01040710000052728,Чкаловська територіальна громада,Автономна Республіка Крим,Непереборний,present,valid
0104073,UA01040730000084787,Чорнопільська територіальна громада,Автономна Республіка Крим,Непереборний,present,valid
0104075,UA01040750000059611,Якимівська територіальна громада,Автономна Республіка Крим,Непереборний,present,valid
0106001,UA01060010000036566,Азовська територіальна громада,Автономна Республіка Крим,Непереборний,present,valid
0106003,UA01060030000038531,Вільненська територіальна громада,Автономна Республіка Крим,Непереборний,present,valid
0106005,UA01060050000010421,Джанкойська територіальна громада,Автономна Республіка Крим,Непереборний,present,valid
0106007,UA01060070000050618,Єрмаківська територіальна громада,Автономна Республіка Крим,Непереборний,present,valid
0106009,UA01060090000040099,Завіто-Ленінська територіальна громада,Автономна Республіка Крим,Непереборний,present,valid
0106011,UA01060110000056995,Зарічненська територіальна громада,Автономна Республіка Крим,Непереборний,present,valid
0106013,UA01060130000083087,Ізумруднівська територіальна громада,Автономна Республіка Крим,Непереборний,present,valid
0106015,UA01060150000096126,Кіндратівська територіальна громада,Автономна Республіка Крим,Непереборний,present,valid
0106017,UA01060170000087883,Кримківська територіальна громада,Автономна Республіка Крим,Непереборний,present,valid
0106019,UA01060190000037533,Лобанівська територіальна громада,Автономна Республіка Крим,Непереборний,present,valid
0106021,UA01060210000015881,Луганська територіальна громада,Автономна Республіка Крим,Непереборний,present,valid
0106023,UA01060230000090283,Майська територіальна громада,Автономна Республіка Крим,Непереборний,present,valid
0106025,UA01060250000010093,Маслівська територіальна громада,Автономна Республіка Крим,Непереборний,present,valid
0106027,UA01060270000057570,Медведівська територіальна громада,Автономна Республіка Крим,Непереборний,present,valid
0106029,UA01060290000012729,Мирнівська територіальна громада,Автономна Республіка Крим,Непереборний,present,valid
0106031,UA01060310000070223,Новокримська територіальна громада,Автономна Республіка Крим,Непереборний,present,valid
0106033,UA01060330000093805,Пахарівська територіальна громада,Автономна Республіка Крим,Непереборний,present,valid
0106035,UA01060350000056233,Побєдненська територіальна громада,Автономна Республіка Крим,Непереборний,present,valid
0106037,UA01060370000043403,Просторненська територіальна громада,Автономна Республіка Крим,Непереборний,present,valid
0106039,UA01060390000046603,Розкішненська територіальна громада,Автономна Республіка Крим,Непереборний,present,valid
0106041,UA01060410000094479,Рощинська територіальна громада,Автономна Республіка Крим,Непереборний,present,valid
0106043,UA01060430000047350,Світлівська територіальна громада,Автономна Республіка Крим,Непереборний,present,valid
0106045,UA01060450000039619,Стальненська територіальна громада,Автономна Республіка Крим,Непереборний,present,valid
0106047,UA01060470000074569,Табачненська територіальна громада,Автономна Республіка Крим,Непереборний,present,valid
0106049,UA01060490000025706,Цілинна територіальна громада,Автономна Республіка Крим,Непереборний,present,valid
0106051,UA01060510000014745,Чайкинська територіальна громада,Автономна Республіка Крим,Непереборний,present,valid
0106053,UA01060530000083757,Ярківська територіальна громада,Автономна Республіка Крим,Непереборний,present,valid
0106055,UA01060550000035996,Яркополенська територіальна громада,Автономна Республіка Крим,Непереборний,present,valid
0106057,UA01060570000054277,Яснополянська територіальна громада,Автономна Республіка Крим,Непереборний,present,valid
0108001,UA01080010000041994,Вересаєвська територіальна громада,Автономна Республіка Крим,Непереборний,present,valid
0108003,UA01080030000045727,Веселівська територіальна громада,Автономна Республіка Крим,Непереборний,present,valid
0108005,UA01080050000096676,Виноградівська територіальна громада,Автономна Республіка Крим,Непереборний,present,valid
0108007,UA01080070000098272,Воробйовська територіальна громада,Автономна Республіка Крим,Непереборний,present,valid
0108009,UA01080090000042257,Геройська територіальна громада,Автономна Республіка Крим,Непереборний,present,valid
0108011,UA01080110000026158,Далеківська територіальна громада,Автономна Республіка Крим,Непереборний,present,valid
0108013,UA01080130000045712,Добрушинська територіальна громада,Автономна Республіка Крим,Непереборний,present,valid
0108015,UA01080150000090077,Євпаторійська територіальна громада,Автономна Республіка Крим,Непереборний,present,valid
0108017,UA01080170000067481,Заозерненська територіальна громада,Автономна Республіка Крим,Непереборний,present,valid
0108019,UA01080190000077346,Зернівська територіальна громада,Автономна Республіка Крим,Непереборний,present,valid
0108021,UA01080210000085553,Іванівська територіальна громада,Автономна Республіка Крим,Непереборний,present,valid
0108023,UA01080230000099101,Кіровська територіальна громада,Автономна Республіка Крим,Непереборний,present,valid
0108025,UA01080250000089512,Кольцовська територіальна громада,Автономна Республіка Крим,Непереборний,present,valid
0108027,UA01080270000041617,Крайненська територіальна громада,Автономна Республіка Крим,Непереборний,present,valid
0108029,UA01080290000094502,Краснополянська територіальна громада,Автономна Республіка Крим,Непереборний,present,valid
0108031,UA01080310000030238,Красноярська територіальна громада,Автономна Республіка Крим,Непереборний,present,valid
0108033,UA01080330000045383,Кримська територіальна громада,Автономна Республіка Крим,Непереборний,present,valid
0108035,UA01080350000063181,Ліснівська територіальна громада,Автономна Республіка Крим,Непереборний,present,valid
0108037,UA01080370000027490,Медведівська територіальна громада,Автономна Республіка Крим,Непереборний,present,valid
0108039,UA01080390000062037,Мирнівська територіальна громада,Автономна Республіка Крим,Непереборний,present,valid
0108041,UA01080410000097623,Митяївська територіальна громада,Автономна Республіка Крим,Непереборний,present,valid
0108043,UA01080430000040534,Міжводненська територіальна громада,Автономна Республіка Крим,Непереборний,present,valid
0108045,UA01080450000078177,Молочненська територіальна громада,Автономна Республіка Крим,Непереборний,present,valid
0108047,UA01080470000052776,Новоіванівська територіальна громада,Автономна Республіка Крим,Непереборний,present,valid
0108049,UA01080490000088705,Новоозернівська територіальна громада,Автономна Республіка Крим,Непереборний,present,valid
0108051,UA01080510000081703,Новосільська територіальна громада,Автономна Республіка Крим,Непереборний,present,valid
0108053,UA01080530000095517,Новофедорівська територіальна громада,Автономна Республіка Крим,Непереборний,present,valid
0108055,UA01080550000082915,Окунівська територіальна громада,Автономна Республіка Крим,Непереборний,present,valid
0108057,UA01080570000060174,Оленівська територіальна громада,Автономна Республіка Крим,Непереборний,present,valid
0108059,UA01080590000030182,Оріхівська територіальна громада,Автономна Республіка Крим,Непереборний,present,valid
0108061,UA01080610000042551,Охотниківська територіальна громада,Автономна Республіка Крим,Непереборний,present,valid
0108063,UA01080630000050017,Ромашкінська територіальна громада,Автономна Республіка Крим,Непереборний,present,valid
0108065,UA01080650000098466,Сакська територіальна громада,Автономна Республіка Крим,Непереборний,present,valid
0108067,UA01080670000081722,Сизівська територіальна громада,Автономна Республіка Крим,Непереборний,present,valid
0108069,UA01080690000089219,Стовпівська територіальна громада,Автономна Республіка Крим,Непереборний,present,valid
0108071,UA01080710000034293,Суворовська територіальна громада,Автономна Республіка Крим,Непереборний,present,valid
0108073,UA01080730000098259,Уютненська територіальна громада,Автономна Республіка Крим,Непереборний,present,valid
0108075,UA01080750000013468,Фрунзенська територіальна громада,Автономна Республіка Крим,Непереборний,present,valid
0108077,UA01080770000058252,Чорноморська територіальна громада,Автономна Республіка Крим,Непереборний,present,valid
0108079,UA01080790000011419,Штормівська територіальна громада,Автономна Республіка Крим,Непереборний,present,valid
0110001,UA01100010000022797,Багерівська територіальна громада,Автономна Республіка Крим,Непереборний,present,valid
0110003,UA01100030000048819,Батальненська територіальна громада,Автономна Республіка Крим,Непереборний,present,valid
0110005,UA01100050000032249,Бєлінська територіальна громада,Автономна Республіка Крим,Непереборний,present,valid
0110007,UA01100070000027051,Виноградненська територіальна громада,Автономна Республіка Крим,Непереборний,present,valid
0110009,UA01100090000034261,Войковська територіальна громада,Автономна Республіка Крим,Непереборний,present,valid
0110011,UA01100110000093635,Глазівська територіальна громада,Автономна Республіка Крим,Непереборний,present,valid
0110013,UA01100130000078291,Горностаївська територіальна громада,Автономна Республіка Крим,Непереборний,present,valid
0110015,UA01100150000050037,Завітненська територіальна громада,Автономна Республіка Крим,Непереборний,present,valid
0110017,UA01100170000080650,Іллічівська територіальна громада,Автономна Республіка Крим,Непереборний,present,valid
0110019,UA01100190000015603,Калинівська територіальна громада,Автономна Республіка Крим,Непереборний,present,valid
0110021,UA01100210000043998,Керченська територіальна громада,Автономна Республіка Крим,Непереборний,present,valid
0110023,UA01100230000026110,Кіровська територіальна громада,Автономна Республіка Крим,Непереборний,present,valid
0110025,UA01100250000014231,Красногірська територіальна громада,Автономна Республіка Крим,Непереборний,present,valid
0110027,UA01100270000099943,Ленінська територіальна громада,Автономна Республіка Крим,Непереборний,present,valid
0110029,UA01100290000081734,Ленінська територіальна громада,Автономна Республіка Крим,Непереборний,present,valid
0110031,UA01100310000012013,Лугівська територіальна громада,Автономна Республіка Крим,Непереборний,present,valid
0110033,UA01100330000092816,Мар’ївська територіальна громада,Автономна Республіка Крим,Непереборний,present,valid
0110035,UA01100350000026967,Марфівська територіальна громада,Автономна Республіка Крим,Непереборний,present,valid
0110037,UA01100370000049378,Мисівська територіальна громада,Автономна Республіка Крим,Непереборний,present,valid
0110039,UA01100390000084753,Новомиколаївська територіальна громада,Автономна Республіка Крим,Непереборний,present,valid
0110041,UA01100410000053805,Октябрська територіальна громада,Автономна Республіка Крим,Непереборний,present,valid
0110043,UA01100430000049599,Останінська територіальна громада,Автономна Республіка Крим,Непереборний,present,valid
0110045,UA01100450000022147,Приозернівська територіальна громада,Автономна Республіка Крим,Непереборний,present,valid
0110047,UA01100470000038508,Семисотська територіальна громада,Автономна Республіка Крим,Непереборний,present,valid
0110049,UA01100490000049777,Уварівська територіальна громада,Автономна Республіка Крим,Непереборний,present,valid
0110051,UA01100510000028045,Челядінівська територіальна громада,Автономна Республіка Крим,Непереборний,present,valid
0110053,UA01100530000065789,Чистопільська територіальна громада,Автономна Республіка Крим,Непереборний,present,valid
0110055,UA01100550000039383,Щолкінська територіальна громада,Автономна Республіка Крим,Непереборний,present,valid
0112001,UA01120010000079122,Абрикосівська територіальна громада,Автономна Республіка Крим,Непереборний,present,valid
0112003,UA01120030000034644,Амурська територіальна громада,Автономна Республіка Крим,Непереборний,present,valid
0112005,UA01120050000065266,Войковська територіальна громада,Автономна Республіка Крим,Непереборний,present,valid
0112007,UA01120070000057928,Восходненська територіальна громада,Автономна Республіка Крим,Непереборний,present,valid
0112009,UA01120090000095623,Гвардійська територіальна громада,Автономна Республіка Крим,Непереборний,present,valid
0112011,UA01120110000033787,Гришинська територіальна громада,Автономна Республіка Крим,Непереборний,present,valid
0112013,UA01120130000039652,Зернівська територіальна громада,Автономна Республіка Крим,Непереборний,present,valid
0112015,UA01120150000036675,Калінінська територіальна громада,Автономна Республіка Крим,Непереборний,present,valid
0112017,UA01120170000016810,Калінінська територіальна громада,Автономна Республіка Крим,Непереборний,present,valid
0112019,UA01120190000076422,Клепинінська територіальна громада,Автономна Республіка Крим,Непереборний,present,valid
0112021,UA01120210000098819,Колодязянська територіальна громада,Автономна Республіка Крим,Непереборний,present,valid
0112023,UA01120230000035243,Кормівська територіальна громада,Автономна Республіка Крим,Непереборний,present,valid
0112025,UA01120250000088892,Котельниківська територіальна громада,Автономна Республіка Крим,Непереборний,present,valid
0112027,UA01120270000085374,Красногвардійська територіальна громада,Автономна Республіка Крим,Непереборний,present,valid
0112029,UA01120290000065834,Краснознам’янська територіальна громада,Автономна Республіка Крим,Непереборний,present,valid
0112031,UA01120310000043492,Крестянівська територіальна громада,Автономна Республіка Крим,Непереборний,present,valid
0112033,UA01120330000034700,Ленінська територіальна громада,Автономна Республіка Крим,Непереборний,present,valid
0112035,UA01120350000099339,Мар’янівська територіальна громада,Автономна Республіка Крим,Непереборний,present,valid
0112037,UA01120370000059657,Найдьонівська територіальна громада,Автономна Республіка Крим,Непереборний,present,valid
0112039,UA01120390000018557,Новопокровська територіальна громада,Автономна Республіка Крим,Непереборний,present,valid
0112041,UA01120410000015269,Октябрська територіальна громада,Автономна Республіка Крим,Непереборний,present,valid
0112043,UA01120430000029864,Октябрська територіальна громада,Автономна Республіка Крим,Непереборний,present,valid
0112045,UA01120450000086774,Олександрівська територіальна громада,Автономна Республіка Крим,Непереборний,present,valid
0112047,UA01120470000018432,Олексіївська територіальна громада,Автономна Республіка Крим,Непереборний,present,valid
0112049,UA01120490000019004,Островська територіальна громада,Автономна Республіка Крим,Непереборний,present,valid
0112051,UA01120510000062733,П’ятихатська територіальна громада,Автономна Республіка Крим,Непереборний,present,valid
0112053,UA01120530000036753,Первомайська територіальна громада,Автономна Республіка Крим,Непереборний,present,valid
0112055,UA01120550000025973,Петрівська територіальна громада,Автономна Республіка Крим,Непереборний,present,valid
0112057,UA01120570000080989,Полтавська територіальна громада,Автономна Республіка Крим,Непереборний,present,valid
0112059,UA01120590000098165,Правдівська територіальна громада,Автономна Республіка Крим,Непереборний,present,valid
0112061,UA01120610000042252,Рівнівська територіальна громада,Автономна Республіка Крим,Непереборний,present,valid
0112063,UA01120630000081449,Сарибашівська територіальна громада,Автономна Республіка Крим,Непереборний,present,valid
0112065,UA01120650000017606,Стахановська територіальна громада,Автономна Республіка Крим,Непереборний,present,valid
0112067,UA01120670000055388,Степнівська територіальна громада,Автономна Республіка Крим,Непереборний,present,valid
0112069,UA01120690000073011,Сусанінська територіальна громада,Автономна Республіка Крим,Непереборний,present,valid
0112071,UA01120710000062117,Черновська територіальна громада,Автономна Республіка Крим,Непереборний,present,valid
0112073,UA01120730000091001,Янтарненська територіальна громада,Автономна Республіка Крим,Непереборний,present,valid
0114001,UA01140010000036312,Армянська територіальна громада,Автономна Республіка Крим,Непереборний,present,valid
0114003,UA01140030000079824,Березівська територіальна громада,Автономна Республіка Крим,Непереборний,present,valid
0114005,UA01140050000039329,Ботанічна територіальна громада,Автономна Республіка Крим,Непереборний,present,valid
0114007,UA01140070000018308,Братська територіальна громада,Автономна Республіка Крим,Непереборний,present,valid
0114009,UA01140090000087212,Вишнівська територіальна громада,Автономна Республіка Крим,Непереборний,present,valid
0114011,UA01140110000014669,Воїнська територіальна громада,Автономна Республіка Крим,Непереборний,present,valid
0114013,UA01140130000026981,Зиминська територіальна громада,Автономна Республіка Крим,Непереборний,present,valid
0114015,UA01140150000038992,Іллінська територіальна громада,Автономна Республіка Крим,Непереборний,present,valid
0114017,UA01140170000028225,Ішунська територіальна громада,Автономна Республіка Крим,Непереборний,present,valid
0114019,UA01140190000072370,Ковильнівська територіальна громада,Автономна Республіка Крим,Непереборний,present,valid
0114021,UA01140210000074823,Красноармійська територіальна громада,Автономна Республіка Крим,Непереборний,present,valid
0114023,UA01140230000045556,Красноперекопська територіальна громада,Автономна Республіка Крим,Непереборний,present,valid
0114025,UA01140250000078645,Кукушкінська територіальна громада,Автономна Республіка Крим,Непереборний,present,valid
0114027,UA01140270000076608,Магазинська територіальна громада,Автономна Республіка Крим,Непереборний,present,valid
0114029,UA01140290000079167,Новопавлівська територіальна громада,Автономна Республіка Крим,Непереборний,present,valid
0114031,UA01140310000026915,Новоселівська територіальна громада,Автономна Республіка Крим,Непереборний,present,valid
0114033,UA01140330000091055,Орлівська територіальна громада,Автономна Республіка Крим,Непереборний,present,valid
0114035,UA01140350000069297,Почетненська територіальна громада,Автономна Республіка Крим,Непереборний,present,valid
0114037,UA01140370000056734,Роздольненська територіальна громада,Автономна Республіка Крим,Непереборний,present,valid
0114039,UA01140390000094724,Руч’ївська територіальна громада,Автономна Республіка Крим,Непереборний,present,valid
0114041,UA01140410000056436,Серебрянська територіальна громада,Автономна Республіка Крим,Непереборний,present,valid
0114043,UA01140430000075398,Славнівська територіальна громада,Автономна Республіка Крим,Непереборний,present,valid
0114045,UA01140450000059831,Слов’янська територіальна громада,Автономна Республіка Крим,Непереборний,present,valid
0114047,UA01140470000038664,Совхозненська територіальна громада,Автономна Республіка Крим,Непереборний,present,valid
0114049,UA01140490000062402,Суворовська територіальна громада,Автономна Республіка Крим,Непереборний,present,valid
0114051,UA01140510000012574,Філатівська територіальна громада,Автономна Республіка Крим,Непереборний,present,valid
0114053,UA01140530000090597,Чернишівська територіальна громада,Автономна Республіка Крим,Непереборний,present,valid
0116001,UA01160010000068510,Гвардійська територіальна громада,Автономна Республіка Крим,Непереборний,present,valid
0116003,UA01160030000061374,Гресівська територіальна громада,Автономна Республіка Крим,Непереборний,present,valid
0116005,UA01160050000040648,Добрівська територіальна громада,Автономна Республіка Крим,Непереборний,present,valid
0116007,UA01160070000046566,Донська територіальна громада,Автономна Республіка Крим,Непереборний,present,valid
0116009,UA01160090000041883,Журавлівська територіальна громада,Автономна Республіка Крим,Непереборний,present,valid
0116011,UA01160110000089485,Кольчугинська територіальна громада,Автономна Республіка Крим,Непереборний,present,valid
0116013,UA01160130000098965,Мазанська територіальна громада,Автономна Республіка Крим,Непереборний,present,valid
0116015,UA01160150000023108,Миколаївська територіальна громада,Автономна Республіка Крим,Непереборний,present,valid
0116017,UA01160170000019851,Мирнівська територіальна громада,Автономна Республіка Крим,Непереборний,present,valid
0116019,UA01160190000061883,Молодіжненська територіальна громада,Автономна Республіка Крим,Непереборний,present,valid
0116021,UA01160210000086615,Новоандріївська територіальна громада,Автономна Республіка Крим,Непереборний,present,valid
0116023,UA01160230000038562,Новоселівська територіальна громада,Автономна Республіка Крим,Непереборний,present,valid
0116025,UA01160250000058686,Первомайська територіальна громада,Автономна Республіка Крим,Непереборний,present,valid
0116027,UA01160270000031825,Перовська територіальна громада,Автономна Республіка Крим,Непереборний,present,valid
0116029,UA01160290000071845,Пожарська територіальна громада,Автономна Республіка Крим,Непереборний,present,valid
0116031,UA01160310000040585,Родниківська територіальна громада,Автономна Республіка Крим,Непереборний,present,valid
0116033,UA01160330000011827,Сімферопольська територіальна громада,Автономна Республіка Крим,Непереборний,present,valid
0116035,UA01160350000093680,Скворцівська територіальна громада,Автономна Республіка Крим,Непереборний,present,valid
0116037,UA01160370000090328,Трудівська територіальна громада,Автономна Республіка Крим,Непереборний,present,valid
0116039,UA01160390000055803,Укромнівська територіальна громада,Автономна Республіка Крим,Непереборний,present,valid
0116041,UA01160410000050379,Урожайнівська територіальна громада,Автономна Республіка Крим,Непереборний,present,valid
0116043,UA01160430000017281,Чистенська територіальна громада,Автономна Республіка Крим,Непереборний,present,valid
0116045,UA01160450000039927,Широківська територіальна громада,Автономна Республіка Крим,Непереборний,present,valid
0116047,UA01160470000074732,Шкільненська територіальна громада,Автономна Республіка Крим,Непереборний,present,valid
0118001,UA01180010000042297,Абрикосівська територіальна громада,Автономна Республіка Крим,Непереборний,present,valid
0118003,UA01180030000066539,Берегова територіальна громада,Автономна Республіка Крим,Непереборний,present,valid
0118005,UA01180050000061143,Веселівська територіальна громада,Автономна Республіка Крим,Непереборний,present,valid
0118007,UA01180070000032242,Владиславівська територіальна громада,Автономна Республіка Крим,Непереборний,present,valid
0118009,UA01180090000097181,Грушівська територіальна громада,Автономна Республіка Крим,Непереборний,present,valid
0118011,UA01180110000051412,Дачнівська територіальна громада,Автономна Республіка Крим,Непереборний,present,valid
0118013,UA01180130000036996,Дмитрівська територіальна громада,Автономна Республіка Крим,Непереборний,present,valid
0118015,UA01180150000021839,Журавська територіальна громада,Автономна Республіка Крим,Непереборний,present,valid
0118017,UA01180170000035144,Завітненська територіальна громада,Автономна Республіка Крим,Непереборний,present,valid
0118019,UA01180190000061627,Золотополенська територіальна громада,Автономна Республіка Крим,Непереборний,present,valid
0118021,UA01180210000051057,Іллічівська територіальна громада,Автономна Республіка Крим,Непереборний,present,valid
0118023,UA01180230000030762,Кіровська територіальна громада,Автономна Республіка Крим,Непереборний,present,valid
0118025,UA01180250000081725,Коктебельська територіальна громада,Автономна Республіка Крим,Непереборний,present,valid
0118027,UA01180270000013129,Красногвардійська територіальна громада,Автономна Республіка Крим,Непереборний,present,valid
0118029,UA01180290000010395,Краснофлотська територіальна громада,Автономна Республіка Крим,Непереборний,present,valid
0118031,UA01180310000020688,Льговська територіальна громада,Автономна Республіка Крим,Непереборний,present,valid
0118033,UA01180330000036926,Міжріченська територіальна громада,Автономна Республіка Крим,Непереборний,present,valid
0118035,UA01180350000095618,Морська територіальна громада,Автономна Республіка Крим,Непереборний,present,valid
0118037,UA01180370000034421,Насипнівська територіальна громада,Автономна Республіка Крим,Непереборний,present,valid
0118039,UA01180390000031143,Некрасовська територіальна громада,Автономна Республіка Крим,Непереборний,present,valid
0118041,UA01180410000057615,Новосвітська територіальна громада,Автономна Республіка Крим,Непереборний,present,valid
0118043,UA01180430000032666,Орджонікідзевська територіальна громада,Автономна Республіка Крим,Непереборний,present,valid
0118045,UA01180450000076517,Партизанська територіальна громада,Автономна Республіка Крим,Непереборний,present,valid
0118047,UA01180470000087181,Первомайська територіальна громада,Автономна Республіка Крим,Непереборний,present,valid
0118049,UA01180490000091735,Привітненська територіальна громада,Автономна Республіка Крим,Непереборний,present,valid
0118051,UA01180510000076308,Приморська територіальна громада,Автономна Республіка Крим,Непереборний,present,valid
0118053,UA01180530000069956,Прудівська територіальна громада,Автономна Республіка Крим,Непереборний,present,valid
0118055,UA01180550000071757,Пушкінська територіальна громада,Автономна Республіка Крим,Непереборний,present,valid
0118057,UA01180570000091536,Синицинська територіальна громада,Автономна Республіка Крим,Непереборний,present,valid
0118059,UA01180590000011405,Совєтська територіальна громада,Автономна Республіка Крим,Непереборний,present,valid
0118061,UA01180610000060531,Сонячнодолинська територіальна громада,Автономна Республіка Крим,Непереборний,present,valid
0118063,UA01180630000073741,Старокримська територіальна громада,Автономна Республіка Крим,Непереборний,present,valid
0118065,UA01180650000087957,Судацька територіальна громада,Автономна Республіка Крим,Непереборний,present,valid
0118067,UA01180670000071873,Токарєвська територіальна громада,Автономна Республіка Крим,Непереборний,present,valid
0118069,UA01180690000019957,Урожайнівська територіальна громада,Автономна Республіка Крим,Непереборний,present,valid
0118071,UA01180710000095057,Феодосійська територіальна громада,Автономна Республіка Крим,Непереборний,present,valid
0118073,UA01180730000073676,Чапаєвська територіальна громада,Автономна Республіка Крим,Непереборний,present,valid
0118075,UA01180750000034054,Чорноземненська територіальна громада,Автономна Республіка Крим,Непереборний,present,valid
0118077,UA01180770000034480,Щебетовська територіальна громада,Автономна Республіка Крим,Непереборний,present,valid
0118079,UA01180790000028395,Яркополенська територіальна громада,Автономна Республіка Крим,Непереборний,present,valid
0120001,UA01200010000060498,Алупкинська територіальна громада,Автономна Республіка Крим,Непереборний,present,valid
0120003,UA01200030000060465,Алуштинська територіальна громада,Автономна Республіка Крим,Непереборний,present,valid
0120005,UA01200050000052240,Гаспринська територіальна громада,Автономна Республіка Крим,Непереборний,present,valid
0120007,UA01200070000069794,Гурзуфська територіальна громада,Автономна Республіка Крим,Непереборний,present,valid
0120009,UA01200090000032958,Ізобільненська територіальна громада,Автономна Республіка Крим,Непереборний,present,valid
0120011,UA01200110000052477,Кореїзька територіальна громада,Автономна Республіка Крим,Непереборний,present,valid
0120013,UA01200130000046862,Лівадійська територіальна громада,Автономна Республіка Крим,Непереборний,present,valid
0120015,UA01200150000013797,Лучистівська територіальна громада,Автономна Республіка Крим,Непереборний,present,valid
0120017,UA01200170000021064,Маломаяцька територіальна громада,Автономна Республіка Крим,Непереборний,present,valid
0120019,UA01200190000067573,Малоріченська територіальна громада,Автономна Республіка Крим,Непереборний,present,valid
0120021,UA01200210000057415,Масандрівська територіальна громада,Автономна Республіка Крим,Непереборний,present,valid
0120023,UA01200230000040659,Партенітська територіальна громада,Автономна Республіка Крим,Непереборний,present,valid
0120025,UA01200250000065451,Привітненська територіальна громада,Автономна Республіка Крим,Непереборний,present,valid
0120027,UA01200270000050248,Сімеїзька територіальна громада,Автономна Республіка Крим,Непереборний,present,valid
0120029,UA01200290000033277,Фороська територіальна громада,Автономна Республіка Крим,Непереборний,present,valid
0120031,UA01200310000097903,Ялтинська територіальна громада,Автономна Республіка Крим,Непереборний,present,valid
0502001,UA05020010000053508,Агрономічна сільська територіальна громада,Вінницька область,Задовільний,present,valid
0502003,UA05020030000031457,Вінницька міська територіальна громада,Вінницька область,Помірний,present,valid
0502005,UA05020050000066991,Вороновицька селищна територіальна громада,Вінницька область,Задовільний,present,valid
0502007,UA05020070000010139,Гніванська міська територіальна громада,Вінницька область,Задовільний,present,valid
0502009,UA05020090000067118,Іллінецька міська територіальна громада,Вінницька область,Задовільний,present,valid
0502011,UA05020110000052014,Липовецька міська територіальна громада,Вінницька область,Задовільний,present,valid
0502013,UA05020130000056031,Літинська селищна територіальна громада,Вінницька область,Задовільний,present,valid
0502015,UA05020150000074651,Лука-Мелешківська сільська територіальна громада,Вінницька область,Задовільний,present,valid
0502017,UA05020170000049432,Немирівська міська територіальна громада,Вінницька область,Задовільний,present,valid
0502019,UA05020190000015755,Оратівська селищна територіальна громада,Вінницька область,Задовільний,present,valid
0502021,UA05020210000033427,Погребищенська міська територіальна громада,Вінницька область,Задовільний,present,valid
0502023,UA05020230000029909,Стрижавська селищна територіальна громада,Вінницька область,Задовільний,present,valid
0502025,UA05020250000055470,Сутисківська селищна територіальна громада,Вінницька область,Задовільний,present,valid
0502027,UA05020270000044358,Тиврівська селищна територіальна громада,Вінницька область,Задовільний,present,valid
0502029,UA05020290000092626,Турбівська селищна територіальна громада,Вінницька область,Задовільний,present,valid
0502031,UA05020310000080026,Якушинецька сільська територіальна громада,Вінницька область,Задовільний,present,valid
0504001,UA05040010000022470,Бершадська міська територіальна громада,Вінницька область,Помірний,present,valid
0504003,UA05040030000050131,Гайсинська міська територіальна громада,Вінницька область,Задовільний,present,valid
0504005,UA05040050000080930,Дашівська селищна територіальна громада,Вінницька область,Задовільний,present,valid
0504007,UA05040070000093188,Джулинська сільська територіальна громада,Вінницька область,Помірний,present,valid
0504009,UA05040090000093950,Краснопільська сільська територіальна громада,Вінницька область,Задовільний,present,valid
0504011,UA05040110000042036,Кунківська сільська територіальна громада,Вінницька область,Задовільний,present,valid
0504013,UA05040130000025322,Ладижинська міська територіальна громада,Вінницька область,Високий,present,valid
0504015,UA05040150000077146,Ободівська сільська територіальна громада,Вінницька область,Помірний,present,valid
0504017,UA05040170000093514,Ольгопільська сільська територіальна громада,Вінницька область,Помірний,present,valid
0504019,UA05040190000039450,Райгородська сільська територіальна громада,Вінницька область,Задовільний,present,valid
0504021,UA05040210000068217,Соболівська сільська територіальна громада,Вінницька область,Помірний,present,valid
0504023,UA05040230000017028,Теплицька селищна територіальна громада,Вінницька область,Помірний,present,valid
0504025,UA05040250000027965,Тростянецька селищна територіальна громада,Вінницька область,Помірний,present,valid
0504027,UA05040270000051651,Чечельницька селищна територіальна громада,Вінницька область,Високий,present,valid
0506001,UA05060010000053179,Барська міська територіальна громада,Вінницька область,Задовільний,present,valid
0506003,UA05060030000026125,Джуринська сільська територіальна громада,Вінницька область,Задовільний,present,valid
0506005,UA05060050000058111,Жмеринська міська територіальна громада,Вінницька область,Задовільний,present,valid
0506007,UA05060070000012952,Копайгородська селищна територіальна громада,Вінницька область,Задовільний,present,valid
0506009,UA05060090000058521,Мурафська сільська територіальна громада,Вінницька область,Задовільний,present,valid
0506011,UA05060110000027268,Северинівська сільська територіальна громада,Вінницька область,Задовільний,present,valid
0506013,UA05060130000030729,Станіславчицька сільська територіальна громада,Вінницька область,Задовільний,present,valid
0506015,UA05060150000094411,Шаргородська міська територіальна громада,Вінницька область,Задовільний,present,valid
0508001,UA05080010000038400,Бабчинецька сільська територіальна громада,Вінницька область,Помірний,present,valid
0508003,UA05080030000089348,Вендичанська селищна територіальна громада,Вінницька область,Задовільний,present,valid
0508005,UA05080050000023603,Могилів-Подільська міська територіальна громада,Вінницька область,Задовільний,present,valid
0508007,UA05080070000010150,Мурованокуриловецька селищна територіальна громада,Вінницька область,Задовільний,present,valid
0508009,UA05080090000089922,Чернівецька селищна територіальна громада,Вінницька область,Задовільний,present,valid
0508011,UA05080110000056824,Ямпільська міська територіальна громада,Вінницька область,Високий,present,valid
0508013,UA05080130000024964,Яришівська сільська територіальна громада,Вінницька область,Задовільний,present,valid
0510001,UA05100010000023453,Брацлавська селищна територіальна громада,Вінницька область,Задовільний,present,valid
0510003,UA05100030000051497,Вапнярська селищна територіальна громада,Вінницька область,Помірний,present,valid
0510005,UA05100050000038768,Городківська сільська територіальна громада,Вінницька область,Високий,present,valid
0510007,UA05100070000035159,Крижопільська селищна територіальна громада,Вінницька область,Помірний,present,valid
0510009,UA05100090000029847,Піщанська селищна територіальна громада,Вінницька область,Дуже високий,present,valid
0510011,UA05100110000070795,Студенянська сільська територіальна громада,Вінницька область,Дуже високий,present,valid
0510013,UA05100130000061386,Томашпільська селищна територіальна громада,Вінницька область,Помірний,present,valid
0510015,UA05100150000050790,Тульчинська міська територіальна громада,Вінницька область,Задовільний,present,valid
0510017,UA05100170000071290,Шпиківська селищна територіальна громада,Вінницька область,Задовільний,present,valid
0512001,UA05120010000076685,Глуховецька селищна територіальна громада,Вінницька область,Задовільний,present,valid
0512003,UA05120030000061384,Жданівська сільська територіальна громада,Вінницька область,Задовільний,present,valid
0512005,UA05120050000063063,Іванівська сільська територіальна громада,Вінницька область,Задовільний,present,valid
0512007,UA05120070000075759,Калинівська міська територіальна громада,Вінницька область,Задовільний,present,valid
0512009,UA05120090000060589,Козятинська міська територіальна громада,Вінницька область,Високий,present,valid
0512011,UA05120110000018679,Махнівська сільська територіальна громада,Вінницька область,Задовільний,present,valid
0512013,UA05120130000014261,Самгородоцька сільська територіальна громада,Вінницька область,Задовільний,present,valid
0512015,UA05120150000069474,Уланівська сільська територіальна громада,Вінницька область,Задовільний,present,valid
0512017,UA05120170000013778,Хмільницька міська територіальна громада,Вінницька область,Задовільний,present,valid
0702001,UA07020010000096841,Володимир-Волинська міська територіальна громада,Волинська область,Помірний,present,valid
0702003,UA07020030000052032,Затурцівська сільська територіальна громада,Волинська область,Задовільний,present,valid
0702005,UA07020050000082369,Зимнівська сільська територіальна громада,Волинська область,Задовільний,present,valid
0702007,UA07020070000082628,Іваничівська селищна територіальна громада,Волинська область,Задовільний,present,valid
0702009,UA07020090000019505,Литовезька сільська територіальна громада,Волинська область,Помірний,present,valid
0702011,UA07020110000037373,Локачинська селищна територіальна громада,Волинська область,Задовільний,present,valid
0702013,UA07020130000036300,Нововолинська міська територіальна громада,Волинська область,Задовільний,present,valid
0702015,UA07020150000092012,Оваднівська сільська територіальна громада,Волинська область,Помірний,present,valid
0702017,UA07020170000049971,Павлівська сільська територіальна громада,Волинська область,Задовільний,present,valid
0702019,UA07020190000043658,Поромівська сільська територіальна громада,Волинська область,Помірний,present,valid
0702021,UA07020210000033081,Устилузька міська територіальна громада,Волинська область,Помірний,present,valid
0704001,UA07040010000033507,Камінь-Каширська міська територіальна громада,Волинська область,Високий,present,valid
0704003,UA07040030000028082,Любешівська селищна територіальна громада,Волинська область,Дуже високий,present,valid
0704005,UA07040050000080830,Маневицька селищна територіальна громада,Волинська область,Помірний,present,valid
0704007,UA07040070000058434,Прилісненська сільська територіальна громада,Волинська область,Високий,present,valid
0704009,UA07040090000043197,Сошичненська сільська територіальна громада,Волинська область,Високий,present,valid
0706001,UA07060010000090019,Велимченська сільська територіальна громада,Волинська область,Високий,present,valid
0706003,UA07060030000041840,Велицька сільська територіальна громада,Волинська область,Помірний,present,valid
0706005,UA07060050000091514,Вишнівська сільська територіальна громада,Волинська область,Високий,present,valid
0706007,UA07060070000063773,Голобська селищна територіальна громада,Волинська область,Помірний,present,valid
0706009,UA07060090000026043,Головненська селищна територіальна громада,Волинська область,Дуже високий,present,valid
0706011,UA07060110000041168,Дубечненська сільська територіальна громада,Волинська область,Дуже високий,present,valid
0706013,UA07060130000030797,Дубівська сільська територіальна громада,Волинська область,Високий,present,valid
0706015,UA07060150000038564,Заболоттівська селищна територіальна громада,Волинська область,Дуже високий,present,valid
0706017,UA07060170000059479,Забродівська сільська територіальна громада,Волинська область,Дуже високий,present,valid
0706019,UA07060190000036342,Ковельська міська територіальна громада,Волинська область,Високий,present,valid
0706021,UA07060210000030014,Колодяжненська сільська територіальна громада,Волинська область,Помірний,present,valid
0706023,UA07060230000029166,Луківська селищна територіальна громада,Волинська область,Високий,present,valid
0706025,UA07060250000039902,Люблинецька селищна територіальна громада,Волинська область,Високий,present,valid
0706027,UA07060270000021892,Любомльська міська територіальна громада,Волинська область,Високий,present,valid
0706029,UA07060290000054842,Поворська сільська територіальна громада,Волинська область,Помірний,present,valid
0706031,UA07060310000037369,Ратнівська селищна територіальна громада,Волинська область,Дуже високий,present,valid
0706033,UA07060330000052414,Рівненська сільська територіальна громада,Волинська область,Дуже високий,present,valid
0706035,UA07060350000084520,Самарівська сільська територіальна громада,Волинська область,Дуже високий,present,valid
0706037,UA07060370000022360,Сереховичівська сільська територіальна громада,Волинська область,Високий,present,valid
0706039,UA07060390000098670,Смідинська сільська територіальна громада,Волинська область,Високий,present,valid
0706041,UA07060410000041366,Старовижівська селищна територіальна громада,Волинська область,Дуже високий,present,valid
0706043,UA07060430000041345,Турійська селищна територіальна громада,Волинська область,Помірний,present,valid
0706045,UA07060450000051170,Шацька селищна територіальна громада,Волинська область,Дуже високий,present,valid
0708001,UA07080010000062933,Берестечківська міська територіальна громада,Волинська область,Задовільний,present,valid
0708003,UA07080030000051738,Боратинська сільська територіальна громада,Волинська область,Задовільний,present,valid
0708005,UA07080050000014573,Городищенська сільська територіальна громада,Волинська область,Задовільний,present,valid
0708007,UA07080070000052255,Горохівська міська територіальна громада,Волинська область,Задовільний,present,valid
0708009,UA07080090000017614,Доросинівська сільська територіальна громада,Волинська область,Задовільний,present,valid
0708011,UA07080110000043895,Ківерцівська міська територіальна громада,Волинська область,Задовільний,present,valid
0708013,UA07080130000017070,Колківська селищна територіальна громада,Волинська область,Задовільний,present,valid
0708015,UA07080150000089103,Копачівська сільська територіальна громада,Волинська область,Задовільний,present,valid
0708017,UA07080170000013585,Луцька міська територіальна громада,Волинська область,Помірний,present,valid
0708019,UA07080190000072811,Мар’янівська селищна територіальна громада,Волинська область,Задовільний,present,valid
0708021,UA07080210000090779,Олицька селищна територіальна громада,Волинська область,Задовільний,present,valid
0708023,UA07080230000046097,Підгайцівська сільська територіальна громада,Волинська область,Задовільний,present,valid
0708025,UA07080250000053335,Рожищенська міська територіальна громада,Волинська область,Задовільний,present,valid
0708027,UA07080270000067148,Торчинська селищна територіальна громада,Волинська область,Задовільний,present,valid
0708029,UA07080290000088287,Цуманська селищна територіальна громада,Волинська область,Задовільний,present,valid
1202001,UA12020010000033698,Дніпровська міська територіальна громада,Дніпропетровська область,Високий,present,valid
1202003,UA12020030000073022,Китайгородська сільська територіальна громада,Дніпропетровська область,Помірний,present,valid
1202005,UA12020050000026654,Любимівська сільська територіальна громада,Дніпропетровська область,Високий,present,valid
1202007,UA12020070000057092,Ляшківська сільська територіальна громада,Дніпропетровська область,Помірний,present,valid
1202009,UA12020090000044548,Миколаївська сільська територіальна громада,Дніпропетровська область,Високий,present,valid
1202011,UA12020110000034205,Могилівська сільська територіальна громада,Дніпропетровська область,Помірний,present,valid
1202013,UA12020130000022909,Новоолександрівська сільська територіальна громада,Дніпропетровська область,Високий,present,valid
1202015,UA12020150000050274,Новопокровська селищна територіальна громада,Дніпропетровська область,Дуже високий,present,valid
1202017,UA12020170000068526,Обухівська селищна територіальна громада,Дніпропетровська область,Високий,present,valid
1202019,UA12020190000075117,Петриківська селищна територіальна громада,Дніпропетровська область,Високий,present,valid
1202021,UA12020210000032285,Підгородненська міська територіальна громада,Дніпропетровська область,Високий,present,valid
1202023,UA12020230000085693,Святовасилівська сільська територіальна громада,Дніпропетровська область,Високий,present,valid
1202025,UA12020250000010438,Слобожанська селищна територіальна громада,Дніпропетровська область,Високий,present,valid
1202027,UA12020270000063450,Солонянська селищна територіальна громада,Дніпропетровська область,Дуже високий,present,valid
1202029,UA12020290000063321,Сурсько-Литовська сільська територіальна громада,Дніпропетровська область,Високий,present,valid
1202031,UA12020310000017431,Царичанська селищна територіальна громада,Дніпропетровська область,Помірний,present,valid
1202033,UA12020330000076598,Чумаківська сільська територіальна громада,Дніпропетровська область,Високий,present,valid
1204001,UA12040010000018960,Божедарівська селищна територіальна громада,Дніпропетровська область,Високий,present,valid
1204003,UA12040030000066040,Верхівцівська міська територіальна громада,Дніпропетровська область,Високий,present,valid
1204005,UA12040050000057182,Верхньодніпровська міська територіальна громада,Дніпропетровська область,Високий,present,valid
1204007,UA12040070000083117,Вишнівська селищна територіальна громада,Дніпропетровська область,Високий,present,valid
1204009,UA12040090000029346,Вільногірська міська територіальна громада,Дніпропетровська область,Високий,present,valid
1204011,UA12040110000091524,Жовтоводська міська територіальна громада,Дніпропетровська область,Високий,present,valid
1204013,UA12040130000037856,Затишнянська сільська територіальна громада,Дніпропетровська область,Високий,present,valid
1204015,UA12040150000015189,Кам’янська міська територіальна громада,Дніпропетровська область,Високий,present,valid
1204017,UA12040170000019083,Криничанська селищна територіальна громада,Дніпропетровська область,Високий,present,valid
1204019,UA12040190000056469,Лихівська селищна територіальна громада,Дніпропетровська область,Помірний,present,valid
1204021,UA12040210000039759,П’ятихатська міська територіальна громада,Дніпропетровська область,Високий,present,valid
1204023,UA12040230000099388,Саксаганська сільська територіальна громада,Дніпропетровська область,Високий,present,valid
1206001,UA12060010000090992,Апостолівська міська територіальна громада,Дніпропетровська область,Дуже високий,present,valid
1206003,UA12060030000081794,Вакулівська сільська територіальна громада,Дніпропетровська область,Високий,present,valid
1206005,UA12060050000031212,Глеюватська сільська територіальна громада,Дніпропетровська область,Високий,present,valid
1206007,UA12060070000012840,Гречаноподівська сільська територіальна громада,Дніпропетровська область,Високий,present,valid
1206009,UA12060090000074553,Грушівська сільська територіальна громада,Дніпропетровська область,Дуже високий,present,valid
1206011,UA12060110000015305,Девладівська сільська територіальна громада,Дніпропетровська область,Високий,present,valid
1206013,UA12060130000012028,Зеленодольська міська територіальна громада,Дніпропетровська область,Дуже високий,present,valid
1206015,UA12060150000015198,Карпівська сільська територіальна громада,Дніпропетровська область,Дуже високий,present,valid
1206017,UA12060170000091033,Криворізька міська територіальна громада,Дніпропетровська область,Високий,present,valid
1206019,UA12060190000043514,Лозуватська сільська територіальна громада,Дніпропетровська область,Високий,present,valid
1206021,UA12060210000077302,Нивотрудівська сільська територіальна громада,Дніпропетровська область,Дуже високий,present,valid
1206023,UA12060230000032833,Новолатівська сільська територіальна громада,Дніпропетровська область,Високий,present,valid
1206025,UA12060250000064393,Новопільська сільська територіальна громада,Дніпропетровська область,Високий,present,valid
1206027,UA12060270000017282,Софіївська селищна територіальна громада,Дніпропетровська область,Високий,present,valid
1206029,UA12060290000039013,Широківська селищна територіальна громада,Дніпропетровська область,Дуже високий,present,valid
1208001,UA12080010000029838,Марганецька міська територіальна громада,Дніпропетровська область,Непереборний,present,valid
1208003,UA12080030000022466,Мирівська сільська територіальна громада,Дніпропетровська область,Дуже високий,present,valid
1208005,UA12080050000062712,Нікопольська міська територіальна громада,Дніпропетровська область,Непереборний,present,valid
1208007,UA12080070000077032,Першотравневська сільська територіальна громада,Дніпропетровська область,Дуже високий,present,valid
1208009,UA12080090000039979,Покровська міська територіальна громада,Дніпропетровська область,Дуже високий,present,valid
1208011,UA12080110000055958,Покровська сільська територіальна громада,Дніпропетровська область,Дуже високий,present,valid
1208013,UA12080130000071360,Томаківська селищна територіальна громада,Дніпропетровська область,Дуже високий,present,valid
1208015,UA12080150000061416,Червоногригорівська селищна територіальна громада,Дніпропетровська область,Непереборний,present,valid
1210001,UA12100010000093577,Губиниська селищна територіальна громада,Дніпропетровська область,Високий,present,valid
1210003,UA12100030000084605,Личківська сільська територіальна громада,Дніпропетровська область,Помірний,present,valid
1210005,UA12100050000045992,Магдалинівська селищна територіальна громада,Дніпропетровська область,Помірний,present,valid
1210007,UA12100070000011492,Новомосковська міська територіальна громада,Дніпропетровська область,Високий,present,valid
1210009,UA12100090000022751,Перещепинська міська територіальна громада,Дніпропетровська область,Високий,present,valid
1210011,UA12100110000043499,Піщанська сільська територіальна громада,Дніпропетровська область,Високий,present,valid
1210013,UA12100130000095653,Черкаська селищна територіальна громада,Дніпропетровська область,Високий,present,valid
1210015,UA12100150000039396,Чернеччинська сільська територіальна громада,Дніпропетровська область,Помірний,present,valid
1212001,UA12120010000087180,Богданівська сільська територіальна громада,Дніпропетровська область,Дуже високий,present,valid
1212003,UA12120030000075687,Вербківська сільська територіальна громада,Дніпропетровська область,Високий,present,valid
1212005,UA12120050000027007,Межиріцька сільська територіальна громада,Дніпропетровська область,Високий,present,valid
1212007,UA12120070000057518,Павлоградська міська територіальна громада,Дніпропетровська область,Високий,present,valid
1212009,UA12120090000031622,Тернівська міська територіальна громада,Дніпропетровська область,Дуже високий,present,valid
1212011,UA12120110000010894,Троїцька сільська територіальна громада,Дніпропетровська область,Високий,present,valid
1212013,UA12120130000021632,Юр’ївська селищна територіальна громада,Дніпропетровська область,Дуже високий,present,valid
1214001,UA12140010000024967,Брагинівська сільська територіальна громада,Дніпропетровська область,Дуже високий,present,valid
1214003,UA12140030000091432,Васильківська селищна територіальна громада,Дніпропетровська область,Дуже високий,present,valid
1214005,UA12140050000051356,Великомихайлівська сільська територіальна громада,Дніпропетровська область,Дуже високий,present,valid
1214007,UA12140070000025486,Дубовиківська сільська територіальна громада,Дніпропетровська область,Дуже високий,present,valid
1214009,UA12140090000053443,Зайцівська сільська територіальна громада,Дніпропетровська область,Високий,present,valid
1214011,UA12140110000060935,Іларіонівська селищна територіальна громада,Дніпропетровська область,Високий,present,valid
1214013,UA12140130000052990,Маломихайлівська сільська територіальна громада,Дніпропетровська область,Дуже високий,present,valid
1214015,UA12140150000054570,Межівська селищна територіальна громада,Дніпропетровська область,Дуже високий,present,valid
1214017,UA12140170000037152,Миколаївська сільська територіальна громада,Дніпропетровська область,Високий,present,valid
1214019,UA12140190000047361,Новопавлівська сільська територіальна громада,Дніпропетровська область,Дуже високий,present,valid
1214021,UA12140210000089021,Першотравенська міська територіальна громада,Дніпропетровська область,Дуже високий,present,valid
1214023,UA12140230000057328,Петропавлівська селищна територіальна громада,Дніпропетровська область,Дуже високий,present,valid
1214025,UA12140250000015858,Покровська селищна територіальна громада,Дніпропетровська область,Дуже високий,present,valid
1214027,UA12140270000072109,Раївська сільська територіальна громада,Дніпропетровська область,Дуже високий,present,valid
1214029,UA12140290000032227,Роздорська селищна територіальна громада,Дніпропетровська область,Високий,present,valid
1214031,UA12140310000078816,Синельниківська міська територіальна громада,Дніпропетровська область,Високий,present,valid
1214033,UA12140330000063909,Славгородська селищна територіальна громада,Дніпропетровська область,Дуже високий,present,valid
1214035,UA12140350000058140,Слов’янська сільська територіальна громада,Дніпропетровська область,Дуже високий,present,valid
1214037,UA12140370000059352,Українська сільська територіальна громада,Дніпропетровська область,Дуже високий,present,valid
1402001,UA14020010000088496,Бахмутська міська територіальна громада,Донецька область,Непереборний,present,valid
1402003,UA14020030000023064,Званівська сільська територіальна громада,Донецька область,Непереборний,present,valid
1402005,UA14020050000019803,Світлодарська міська територіальна громада,Донецька область,Непереборний,present,valid
1402007,UA14020070000070354,Сіверська міська територіальна громада,Донецька область,Непереборний,present,valid
1402009,UA14020090000073988,Соледарська міська територіальна громада,Донецька область,Непереборний,present,valid
1402011,UA14020110000075529,Торецька міська територіальна громада,Донецька область,Непереборний,present,valid
1402013,UA14020130000080900,Часовоярська міська територіальна громада,Донецька область,Непереборний,present,valid
1404001,UA14040010000017239,Великоновосілківська селищна територіальна громада,Донецька область,Непереборний,present,valid
1404003,UA14040030000025138,Волноваська міська територіальна громада,Донецька область,Непереборний,present,valid
1404005,UA14040050000064688,Вугледарська міська територіальна громада,Донецька область,Непереборний,present,valid
1404007,UA14040070000032181,Комарська сільська територіальна громада,Донецька область,Непереборний,present,valid
1404009,UA14040090000061195,Мирненська селищна територіальна громада,Донецька область,Непереборний,present,valid
1404011,UA14040110000019914,Ольгинська селищна територіальна громада,Донецька область,Непереборний,present,valid
1404013,UA14040130000068575,Старомлинівська сільська територіальна громада,Донецька область,Непереборний,present,valid
1404015,UA14040150000099558,Хлібодарівська сільська територіальна громада,Донецька область,Непереборний,present,valid
1406001,UA14060010000010738,Вуглегірська міська територіальна громада,Донецька область,Непереборний,present,valid
1406003,UA14060030000084305,Горлівська міська територіальна громада,Донецька область,Непереборний,present,valid
1406005,UA14060050000034979,Дебальцівська міська територіальна громада,Донецька область,Непереборний,present,valid
1406007,UA14060070000066382,Єнакієвська міська територіальна громада,Донецька область,Непереборний,present,valid
1406009,UA14060090000054042,Жданівська міська територіальна громада,Донецька область,Непереборний,present,valid
1406011,UA14060110000052135,Сніжнянська міська територіальна громада,Донецька область,Непереборний,present,valid
1406013,UA14060130000085167,Хрестівська міська територіальна громада,Донецька область,Непереборний,present,valid
1406015,UA14060150000032950,Чистяківська міська територіальна громада,Донецька область,Непереборний,present,valid
1406017,UA14060170000097532,Шахтарська міська територіальна громада,Донецька область,Непереборний,present,valid
1408001,UA14080010000095044,Амвросіївська міська територіальна громада,Донецька область,Непереборний,present,valid
1408003,UA14080030000053877,Донецька міська територіальна громада,Донецька область,Непереборний,present,valid
1408005,UA14080050000085820,Іловайська міська територіальна громада,Донецька область,Непереборний,present,valid
1408007,UA14080070000011977,Макіївська міська територіальна громада,Донецька область,Непереборний,present,valid
1408009,UA14080090000014360,Харцизька міська територіальна громада,Донецька область,Непереборний,present,valid
1408011,UA14080110000066209,Ясинуватська міська територіальна громада,Донецька область,Непереборний,present,valid
1410001,UA14100010000054669,Бойківська селищна територіальна громада,Донецька область,Непереборний,present,valid
1410003,UA14100030000067479,Докучаєвська міська територіальна громада,Донецька область,Непереборний,present,valid
1410005,UA14100050000098906,Кальміуська міська територіальна громада,Донецька область,Непереборний,present,valid
1410007,UA14100070000079873,Новоазовська міська територіальна громада,Донецька область,Непереборний,present,valid
1410009,UA14100090000050286,Старобешівська селищна територіальна громада,Донецька область,Непереборний,present,valid
1412001,UA14120010000096882,Андріївська сільська територіальна громада,Донецька область,Дуже високий,present,valid
1412003,UA14120030000057882,Дружківська міська територіальна громада,Донецька область,Дуже високий,present,valid
1412005,UA14120050000033910,Іллінівська сільська територіальна громада,Донецька область,Непереборний,present,valid
1412007,UA14120070000090878,Костянтинівська міська територіальна громада,Донецька область,Непереборний,present,valid
1412009,UA14120090000098500,Краматорська міська територіальна громада,Донецька область,Дуже високий,present,valid
1412011,UA14120110000031497,Лиманська міська територіальна громада,Донецька область,Непереборний,present,valid
1412013,UA14120130000086767,Миколаївська міська територіальна громада,Донецька область,Дуже високий,present,valid
1412015,UA14120150000071686,Новодонецька селищна територіальна громада,Донецька область,Дуже високий,present,valid
1412017,UA14120170000011133,Олександрівська селищна територіальна громада,Донецька область,Дуже високий,present,valid
1412019,UA14120190000021407,Святогірська міська територіальна громада,Донецька область,Дуже високий,present,valid
1412021,UA14120210000056793,Слов’янська міська територіальна громада,Донецька область,Дуже високий,present,valid
1412023,UA14120230000038918,Черкаська селищна територіальна громада,Донецька область,Дуже високий,present,valid
1414001,UA14140010000044623,Кальчицька сільська територіальна громада,Донецька область,Непереборний,present,valid
1414003,UA14140030000092230,Мангушська селищна територіальна громада,Донецька область,Непереборний,present,valid
1414005,UA14140050000020560,Маріупольська міська територіальна громада,Донецька область,Непереборний,present,valid
1414007,UA14140070000060361,Нікольська селищна територіальна громада,Донецька область,Непереборний,present,valid
1414009,UA14140090000015932,Сартанська селищна територіальна громада,Донецька область,Непереборний,present,valid
1416001,UA14160010000086090,Авдіївська міська територіальна громада,Донецька область,Непереборний,present,valid
1416003,UA14160030000019136,Білозерська міська територіальна громада,Донецька область,Дуже високий,present,valid
1416005,UA14160050000083011,Гродівська селищна територіальна громада,Донецька область,Непереборний,present,valid
1416007,UA14160070000097326,Добропільська міська територіальна громада,Донецька область,Дуже високий,present,valid
1416009,UA14160090000058463,Криворізька сільська територіальна громада,Донецька область,Дуже високий,present,valid
1416011,UA14160110000031920,Курахівська міська територіальна громада,Донецька область,Непереборний,present,valid
1416013,UA14160130000011561,Мар’їнська міська територіальна громада,Донецька область,Непереборний,present,valid
1416015,UA14160150000038750,Мирноградська міська територіальна громада,Донецька область,Непереборний,present,valid
1416017,UA14160170000023385,Новогродівська міська територіальна громада,Донецька область,Непереборний,present,valid
1416019,UA14160190000059231,Очеретинська селищна територіальна громада,Донецька область,Непереборний,present,valid
1416021,UA14160210000011148,Покровська міська територіальна громада,Донецька область,Непереборний,present,valid
1416023,UA14160230000060952,Селидівська міська територіальна громада,Донецька область,Непереборний,present,valid
1416025,UA14160250000075646,Удачненська селищна територіальна громада,Донецька область,Непереборний,present,valid
1416027,UA14160270000099007,Шахівська сільська територіальна громада,Донецька область,Дуже високий,present,valid
1802001,UA18020010000059904,Андрушівська міська територіальна громада,Житомирська область,Задовільний,present,valid
1802003,UA18020030000035625,Бердичівська міська територіальна громада,Житомирська область,Помірний,present,valid
1802005,UA18020050000058053,Вчорайшенська сільська територіальна громада,Житомирська область,Задовільний,present,valid
1802007,UA18020070000083539,Гришковецька селищна територіальна громада,Житомирська область,Задовільний,present,valid
1802009,UA18020090000092001,Краснопільська сільська територіальна громада,Житомирська область,Задовільний,present,valid
1802011,UA18020110000026941,Райгородоцька сільська територіальна громада,Житомирська область,Задовільний,present,valid
1802013,UA18020130000096761,Ружинська селищна територіальна громада,Житомирська область,Задовільний,present,valid
1802015,UA18020150000084693,Семенівська сільська територіальна громада,Житомирська область,Задовільний,present,valid
1802017,UA18020170000036711,Червоненська селищна територіальна громада,Житомирська область,Задовільний,present,valid
1802019,UA18020190000022756,Швайківська сільська територіальна громада,Житомирська область,Задовільний,present,valid
1804001,UA18040010000031446,Андрушківська сільська територіальна громада,Житомирська область,Задовільний,present,valid
1804003,UA18040030000089649,Березівська сільська територіальна громада,Житомирська область,Задовільний,present,valid
1804005,UA18040050000049937,Брусилівська селищна територіальна громада,Житомирська область,Помірний,present,valid
1804007,UA18040070000059677,Високівська сільська територіальна громада,Житомирська область,Задовільний,present,valid
1804009,UA18040090000077574,Вишевицька сільська територіальна громада,Житомирська область,Помірний,present,valid
1804011,UA18040110000034222,Вільшанська сільська територіальна громада,Житомирська область,Задовільний,present,valid
1804013,UA18040130000075048,Волицька сільська територіальна громада,Житомирська область,Задовільний,present,valid
1804015,UA18040150000019024,Глибочицька сільська територіальна громада,Житомирська область,Задовільний,present,valid
1804017,UA18040170000089964,Городоцька селищна територіальна громада,Житомирська область,Помірний,present,valid
1804019,UA18040190000029215,Житомирська міська територіальна громада,Житомирська область,Помірний,present,valid
1804021,UA18040210000044466,Квітнева сільська територіальна громада,Житомирська область,Задовільний,present,valid
1804023,UA18040230000036046,Корнинська селищна територіальна громада,Житомирська область,Помірний,present,valid
1804025,UA18040250000068141,Коростишівська міська територіальна громада,Житомирська область,Задовільний,present,valid
1804027,UA18040270000050167,Курненська сільська територіальна громада,Житомирська область,Задовільний,present,valid
1804029,UA18040290000063354,Любарська селищна територіальна громада,Житомирська область,Задовільний,present,valid
1804031,UA18040310000093693,Миропільська селищна територіальна громада,Житомирська область,Задовільний,present,valid
1804033,UA18040330000027310,Новоборівська селищна територіальна громада,Житомирська область,Помірний,present,valid
1804035,UA18040350000040746,Новогуйвинська селищна територіальна громада,Житомирська область,Задовільний,present,valid
1804037,UA18040370000055940,Оліївська сільська територіальна громада,Житомирська область,Задовільний,present,valid
1804039,UA18040390000055900,Попільнянська селищна територіальна громада,Житомирська область,Задовільний,present,valid
1804041,UA18040410000025491,Потіївська сільська територіальна громада,Житомирська область,Помірний,present,valid
1804043,UA18040430000080827,Пулинська селищна територіальна громада,Житомирська область,Задовільний,present,valid
1804045,UA18040450000079138,Радомишльська міська територіальна громада,Житомирська область,Помірний,present,valid
1804047,UA18040470000074046,Романівська селищна територіальна громада,Житомирська область,Задовільний,present,valid
1804049,UA18040490000014752,Станишівська сільська територіальна громада,Житомирська область,Задовільний,present,valid
1804051,UA18040510000013419,Старосілецька сільська територіальна громада,Житомирська область,Помірний,present,valid
1804053,UA18040530000045696,Тетерівська сільська територіальна громада,Житомирська область,Задовільний,present,valid
1804055,UA18040550000062361,Харитонівська сільська територіальна громада,Житомирська область,Задовільний,present,valid
1804057,UA18040570000099817,Хорошівська селищна територіальна громада,Житомирська область,Задовільний,present,valid
1804059,UA18040590000064402,Черняхівська селищна територіальна громада,Житомирська область,Помірний,present,valid
1804061,UA18040610000049084,Чуднівська міська територіальна громада,Житомирська область,Задовільний,present,valid
1806001,UA18060010000047628,Білокоровицька сільська територіальна громада,Житомирська область,Високий,present,valid
1806003,UA18060030000039943,Гладковицька сільська територіальна громада,Житомирська область,Дуже високий,present,valid
1806005,UA18060050000027575,Горщиківська сільська територіальна громада,Житомирська область,Високий,present,valid
1806007,UA18060070000095797,Іршанська селищна територіальна громада,Житомирська область,Помірний,present,valid
1806009,UA18060090000061708,Коростенська міська територіальна громада,Житомирська область,Високий,present,valid
1806011,UA18060110000061631,Лугинська селищна територіальна громада,Житомирська область,Високий,present,valid
1806013,UA18060130000061781,Малинська міська територіальна громада,Житомирська область,Помірний,present,valid
1806015,UA18060150000038188,Народицька селищна територіальна громада,Житомирська область,Дуже високий,present,valid
1806017,UA18060170000069581,Овруцька міська територіальна громада,Житомирська область,Дуже високий,present,valid
1806019,UA18060190000071101,Олевська міська територіальна громада,Житомирська область,Високий,present,valid
1806021,UA18060210000083283,Словечанська сільська територіальна громада,Житомирська область,Дуже високий,present,valid
1806023,UA18060230000071114,Ушомирська сільська територіальна громада,Житомирська область,Помірний,present,valid
1806025,UA18060250000078729,Чоповицька селищна територіальна громада,Житомирська область,Помірний,present,valid
1808001,UA18080010000090720,Баранівська міська територіальна громада,Житомирська область,Задовільний,present,valid
1808003,UA18080030000019784,Барашівська сільська територіальна громада,Житомирська область,Помірний,present,valid
1808005,UA18080050000083590,Брониківська сільська територіальна громада,Житомирська область,Задовільний,present,valid
1808007,UA18080070000029133,Городницька селищна територіальна громада,Житомирська область,Помірний,present,valid
1808009,UA18080090000055832,Довбиська селищна територіальна громада,Житомирська область,Задовільний,present,valid
1808011,UA18080110000095378,Дубрівська сільська територіальна громада,Житомирська область,Задовільний,present,valid
1808013,UA18080130000032098,Ємільчинська селищна територіальна громада,Житомирська область,Помірний,present,valid
1808015,UA18080150000022496,Новоград-Волинська міська територіальна громада,Житомирська область,Помірний,present,valid
1808017,UA18080170000023999,Піщівська сільська територіальна громада,Житомирська область,Задовільний,present,valid
1808019,UA18080190000029932,Стриївська сільська територіальна громада,Житомирська область,Задовільний,present,valid
1808021,UA18080210000038722,Чижівська сільська територіальна громада,Житомирська область,Помірний,present,valid
1808023,UA18080230000071226,Ярунська сільська територіальна громада,Житомирська область,Задовільний,present,valid
2102001,UA21020010000055068,Батівська селищна територіальна громада,Закарпатська область,Задовільний,present,valid
2102003,UA21020030000019624,Берегівська міська територіальна громада,Закарпатська область,Задовільний,present,valid
2102005,UA21020050000065800,Великоберезька сільська територіальна громада,Закарпатська область,Задовільний,present,valid
2102007,UA21020070000015036,Великобийганська сільська територіальна громада,Закарпатська область,Задовільний,present,valid
2102009,UA21020090000083647,Вилоцька селищна територіальна громада,Закарпатська область,Задовільний,present,valid
2102011,UA21020110000091104,Виноградівська міська територіальна громада,Закарпатська область,Задовільний,present,valid
2102013,UA21020130000047547,Кам’янська сільська територіальна громада,Закарпатська область,Задовільний,present,valid
2102015,UA21020150000043098,Королівська селищна територіальна громада,Закарпатська область,Задовільний,present,valid
2102017,UA21020170000069101,Косоньська сільська територіальна громада,Закарпатська область,Задовільний,present,valid
2102019,UA21020190000086409,Пийтерфолвівська сільська територіальна громада,Закарпатська область,Задовільний,present,valid
2104001,UA21040010000055885,Великолучківська сільська територіальна громада,Закарпатська область,Задовільний,present,valid
2104003,UA21040030000026359,Верхньокоропецька сільська територіальна громада,Закарпатська область,Задовільний,present,valid
2104005,UA21040050000032164,Воловецька селищна територіальна громада,Закарпатська область,Помірний,present,valid
2104007,UA21040070000029344,Горондівська сільська територіальна громада,Закарпатська область,Задовільний,present,valid
2104009,UA21040090000072363,Жденіївська селищна територіальна громада,Закарпатська область,Задовільний,present,valid
2104011,UA21040110000099623,Івановецька сільська територіальна громада,Закарпатська область,Задовільний,present,valid
2104013,UA21040130000019237,Кольчинська селищна територіальна громада,Закарпатська область,Задовільний,present,valid
2104015,UA21040150000092428,Мукачівська міська територіальна громада,Закарпатська область,Задовільний,present,valid
2104017,UA21040170000092506,Неліпинська сільська територіальна громада,Закарпатська область,Задовільний,present,valid
2104019,UA21040190000088960,Нижньоворітська сільська територіальна громада,Закарпатська область,Задовільний,present,valid
2104021,UA21040210000079273,Полянська сільська територіальна громада,Закарпатська область,Задовільний,present,valid
2104023,UA21040230000091606,Свалявська міська територіальна громада,Закарпатська область,Помірний,present,valid
2104025,UA21040250000010914,Чинадіївська селищна територіальна громада,Закарпатська область,Задовільний,present,valid
2106001,UA21060010000011784,Богданська сільська територіальна громада,Закарпатська область,Задовільний,present,valid
2106003,UA21060030000020114,Великобичківська селищна територіальна громада,Закарпатська область,Задовільний,present,valid
2106005,UA21060050000029937,Рахівська міська територіальна громада,Закарпатська область,Помірний,present,valid
2106007,UA21060070000049340,Ясінянська селищна територіальна громада,Закарпатська область,Задовільний,present,valid
2108001,UA21080010000097427,Бедевлянська сільська територіальна громада,Закарпатська область,Задовільний,present,valid
2108003,UA21080030000084057,Буштинська селищна територіальна громада,Закарпатська область,Задовільний,present,valid
2108005,UA21080050000056542,Вільховецька сільська територіальна громада,Закарпатська область,Задовільний,present,valid
2108007,UA21080070000025254,Дубівська селищна територіальна громада,Закарпатська область,Задовільний,present,valid
2108009,UA21080090000024861,Нересницька сільська територіальна громада,Закарпатська область,Задовільний,present,valid
2108011,UA21080110000054940,Солотвинська селищна територіальна громада,Закарпатська область,Задовільний,present,valid
2108013,UA21080130000093757,Тересвянська селищна територіальна громада,Закарпатська область,Помірний,present,valid
2108015,UA21080150000014443,Тячівська міська територіальна громада,Закарпатська область,Задовільний,present,valid
2108017,UA21080170000093911,Углянська сільська територіальна громада,Закарпатська область,Задовільний,present,valid
2108019,UA21080190000094580,Усть-Чорнянська селищна територіальна громада,Закарпатська область,Задовільний,present,valid
2110001,UA21100010000070243,Баранинська сільська територіальна громада,Закарпатська область,Задовільний,present,valid
2110003,UA21100030000089881,Великоберезнянська селищна територіальна громада,Закарпатська область,Задовільний,present,valid
2110005,UA21100050000042361,Великодобронська сільська територіальна громада,Закарпатська область,Задовільний,present,valid
2110007,UA21100070000018509,Дубриницько-Малоберезнянська сільська територіальна громада,Закарпатська область,Задовільний,present,valid
2110009,UA21100090000012128,Костринська сільська територіальна громада,Закарпатська область,Задовільний,present,valid
2110011,UA21100110000018765,Оноківська сільська територіальна громада,Закарпатська область,Помірний,present,valid
2110013,UA21100130000055002,Перечинська міська територіальна громада,Закарпатська область,Задовільний,present,valid
2110015,UA21100150000019483,Середнянська селищна територіальна громада,Закарпатська область,Задовільний,present,valid
2110017,UA21100170000051803,Ставненська сільська територіальна громада,Закарпатська область,Помірний,present,valid
2110019,UA21100190000078736,Сюртівська сільська територіальна громада,Закарпатська область,Задовільний,present,valid
2110021,UA21100210000026937,Тур’є-Реметівська сільська територіальна громада,Закарпатська область,Задовільний,present,valid
2110023,UA21100230000083101,Ужгородська міська територіальна громада,Закарпатська область,Задовільний,present,valid
2110025,UA21100250000028639,Холмківська сільська територіальна громада,Закарпатська область,Задовільний,present,valid
2110027,UA21100270000015047,Чопська міська територіальна громада,Закарпатська область,Високий,present,valid
2112001,UA21120010000011654,Білківська сільська територіальна громада,Закарпатська область,Задовільний,present,valid
2112003,UA21120030000076462,Вишківська селищна територіальна громада,Закарпатська область,Задовільний,present,valid
2112005,UA21120050000055437,Горінчівська сільська територіальна громада,Закарпатська область,Задовільний,present,valid
2112007,UA21120070000032447,Довжанська сільська територіальна громада,Закарпатська область,Задовільний,present,valid
2112009,UA21120090000025804,Драгівська сільська територіальна громада,Закарпатська область,Задовільний,present,valid
2112011,UA21120110000065395,Зарічанська сільська територіальна громада,Закарпатська область,Задовільний,present,valid
2112013,UA21120130000025618,Іршавська міська територіальна громада,Закарпатська область,Задовільний,present,valid
2112015,UA21120150000079563,Керецьківська сільська територіальна громада,Закарпатська область,Задовільний,present,valid
2112017,UA21120170000080579,Колочавська сільська територіальна громада,Закарпатська область,Задовільний,present,valid
2112019,UA21120190000082169,Міжгірська селищна територіальна громада,Закарпатська область,Задовільний,present,valid
2112021,UA21120210000094884,Пилипецька сільська територіальна громада,Закарпатська область,Задовільний,present,valid
2112023,UA21120230000041982,Синевирська сільська територіальна громада,Закарпатська область,Задовільний,present,valid
2112025,UA21120250000077532,Хустська міська територіальна громада,Закарпатська область,Задовільний,present,valid
2302001,UA23020010000034566,Андрівська сільська територіальна громада,Запорізька область,Непереборний,present,valid
2302003,UA23020030000059558,Андріївська селищна територіальна громада,Запорізька область,Непереборний,present,valid
2302005,UA23020050000046501,Бердянська міська територіальна громада,Запорізька область,Непереборний,present,valid
2302007,UA23020070000049788,Берестівська сільська територіальна громада,Запорізька область,Непереборний,present,valid
2302009,UA23020090000069977,Коларівська сільська територіальна громада,Запорізька область,Непереборний,present,valid
2302011,UA23020110000062653,Осипенківська сільська територіальна громада,Запорізька область,Непереборний,present,valid
2302013,UA23020130000081044,Приморська міська територіальна громада,Запорізька область,Непереборний,present,valid
2302015,UA23020150000063371,Чернігівська селищна територіальна громада,Запорізька область,Непереборний,present,valid
2304001,UA23040010000033945,Благовіщенська сільська територіальна громада,Запорізька область,Непереборний,present,valid
2304003,UA23040030000061166,Василівська міська територіальна громада,Запорізька область,Непереборний,present,valid
2304005,UA23040050000076136,Великобілозерська сільська територіальна громада,Запорізька область,Непереборний,present,valid
2304007,UA23040070000097076,Водянська сільська територіальна громада,Запорізька область,Непереборний,present,valid
2304009,UA23040090000031823,Дніпрорудненська міська територіальна громада,Запорізька область,Непереборний,present,valid
2304011,UA23040110000019947,Енергодарська міська територіальна громада,Запорізька область,Непереборний,present,valid
2304013,UA23040130000044084,Кам’янсько-Дніпровська міська територіальна громада,Запорізька область,Непереборний,present,valid
2304015,UA23040150000063069,Малобілозерська сільська територіальна громада,Запорізька область,Непереборний,present,valid
2304017,UA23040170000022547,Михайлівська селищна територіальна громада,Запорізька область,Непереборний,present,valid
2304019,UA23040190000047410,Роздольська сільська територіальна громада,Запорізька область,Непереборний,present,valid
2304021,UA23040210000019462,Степногірська селищна територіальна громада,Запорізька область,Непереборний,present,valid
2306001,UA23060010000052992,Біленьківська сільська територіальна громада,Запорізька область,Дуже високий,present,valid
2306003,UA23060030000037089,Вільнянська міська територіальна громада,Запорізька область,Дуже високий,present,valid
2306005,UA23060050000065959,Долинська сільська територіальна громада,Запорізька область,Дуже високий,present,valid
2306007,UA23060070000082704,Запорізька міська територіальна громада,Запорізька область,Дуже високий,present,valid
2306009,UA23060090000082326,Комишуваська селищна територіальна громада,Запорізька область,Дуже високий,present,valid
2306011,UA23060110000049870,Кушугумська селищна територіальна громада,Запорізька область,Дуже високий,present,valid
2306013,UA23060130000058533,Матвіївська сільська територіальна громада,Запорізька область,Дуже високий,present,valid
2306015,UA23060150000085288,Михайлівська сільська територіальна громада,Запорізька область,Дуже високий,present,valid
2306017,UA23060170000046208,Михайло-Лукашівська сільська територіальна громада,Запорізька область,Дуже високий,present,valid
2306019,UA23060190000080843,Новомиколаївська селищна територіальна громада,Запорізька область,Дуже високий,present,valid
2306021,UA23060210000064233,Новоолександрівська сільська територіальна громада,Запорізька область,Дуже високий,present,valid
2306023,UA23060230000071243,Павлівська сільська територіальна громада,Запорізька область,Дуже високий,present,valid
2306025,UA23060250000058722,Петро-Михайлівська сільська територіальна громада,Запорізька область,Дуже високий,present,valid
2306027,UA23060270000087706,Степненська сільська територіальна громада,Запорізька область,Дуже високий,present,valid
2306029,UA23060290000024046,Таврійська сільська територіальна громада,Запорізька область,Непереборний,present,valid
2306031,UA23060310000081443,Тернуватська селищна територіальна громада,Запорізька область,Дуже високий,present,valid
2306033,UA23060330000027462,Широківська сільська територіальна громада,Запорізька область,Дуже високий,present,valid
2308001,UA23080010000036379,Веселівська селищна територіальна громада,Запорізька область,Непереборний,present,valid
2308003,UA23080030000064349,Кирилівська селищна територіальна громада,Запорізька область,Непереборний,present,valid
2308005,UA23080050000095009,Костянтинівська сільська територіальна громада,Запорізька область,Непереборний,present,valid
2308007,UA23080070000068953,Мелітопольська міська територіальна громада,Запорізька область,Непереборний,present,valid
2308009,UA23080090000051553,Мирненська селищна територіальна громада,Запорізька область,Непереборний,present,valid
2308011,UA23080110000020314,Новенська сільська територіальна громада,Запорізька область,Непереборний,present,valid
2308013,UA23080130000083188,Новобогданівська сільська територіальна громада,Запорізька область,Непереборний,present,valid
2308015,UA23080150000073640,Нововасилівська селищна територіальна громада,Запорізька область,Непереборний,present,valid
2308017,UA23080170000033256,Новоуспенівська сільська територіальна громада,Запорізька область,Непереборний,present,valid
2308019,UA23080190000065134,Олександрівська сільська територіальна громада,Запорізька область,Непереборний,present,valid
2308021,UA23080210000060255,Плодородненська сільська територіальна громада,Запорізька область,Непереборний,present,valid
2308023,UA23080230000097340,Приазовська селищна територіальна громада,Запорізька область,Непереборний,present,valid
2308025,UA23080250000043914,Семенівська сільська територіальна громада,Запорізька область,Непереборний,present,valid
2308027,UA23080270000086363,Терпіннівська сільська територіальна громада,Запорізька область,Непереборний,present,valid
2308029,UA23080290000096336,Чкаловська сільська територіальна громада,Запорізька область,Непереборний,present,valid
2308031,UA23080310000097001,Якимівська селищна територіальна громада,Запорізька область,Непереборний,present,valid
2310001,UA23100010000094236,Більмацька селищна територіальна громада,Запорізька область,Непереборний,present,valid
2310003,UA23100030000016840,Воздвижівська сільська територіальна громада,Запорізька область,Непереборний,present,valid
2310005,UA23100050000041545,Воскресенська сільська територіальна громада,Запорізька область,Непереборний,present,valid
2310007,UA23100070000026535,Гуляйпільська міська територіальна громада,Запорізька область,Непереборний,present,valid
2310009,UA23100090000029171,Комиш-Зорянська селищна територіальна громада,Запорізька область,Непереборний,present,valid
2310011,UA23100110000028240,Малинівська сільська територіальна громада,Запорізька область,Непереборний,present,valid
2310013,UA23100130000058758,Малотокмачанська сільська територіальна громада,Запорізька область,Непереборний,present,valid
2310015,UA23100150000023366,Молочанська міська територіальна громада,Запорізька область,Непереборний,present,valid
2310017,UA23100170000031289,Оріхівська міська територіальна громада,Запорізька область,Непереборний,present,valid
2310019,UA23100190000020018,Пологівська міська територіальна громада,Запорізька область,Непереборний,present,valid
2310021,UA23100210000086911,Преображенська сільська територіальна громада,Запорізька область,Непереборний,present,valid
2310023,UA23100230000021603,Розівська селищна територіальна громада,Запорізька область,Непереборний,present,valid
2310025,UA23100250000073490,Смирновська сільська територіальна громада,Запорізька область,Непереборний,present,valid
2310027,UA23100270000073418,Токмацька міська територіальна громада,Запорізька область,Непереборний,present,valid
2310029,UA23100290000069212,Федорівська сільська територіальна громада,Запорізька область,Непереборний,present,valid
2602001,UA26020010000096556,Білоберізька сільська територіальна громада,Івано-Франківська область,Задовільний,present,valid
2602003,UA26020030000088465,Верховинська селищна територіальна громада,Івано-Франківська область,Задовільний,present,valid
2602005,UA26020050000098694,Зеленська сільська територіальна громада,Івано-Франківська область,Задовільний,present,valid
2604001,UA26040010000011271,Більшівцівська селищна територіальна громада,Івано-Франківська область,Задовільний,present,valid
2604003,UA26040030000091528,Богородчанська селищна територіальна громада,Івано-Франківська область,Задовільний,present,valid
2604005,UA26040050000080752,Букачівська селищна територіальна громада,Івано-Франківська область,Задовільний,present,valid
2604007,UA26040070000065724,Бурштинська міська територіальна громада,Івано-Франківська область,Задовільний,present,valid
2604009,UA26040090000025932,Галицька міська територіальна громада,Івано-Франківська область,Задовільний,present,valid
2604011,UA26040110000023512,Дзвиняцька сільська територіальна громада,Івано-Франківська область,Задовільний,present,valid
2604013,UA26040130000010870,Дубовецька сільська територіальна громада,Івано-Франківська область,Задовільний,present,valid
2604015,UA26040150000053322,Єзупільська селищна територіальна громада,Івано-Франківська область,Задовільний,present,valid
2604017,UA26040170000097347,Загвіздянська сільська територіальна громада,Івано-Франківська область,Задовільний,present,valid
2604019,UA26040190000081578,Івано-Франківська міська територіальна громада,Івано-Франківська область,Помірний,present,valid
2604021,UA26040210000094444,Лисецька селищна територіальна громада,Івано-Франківська область,Задовільний,present,valid
2604023,UA26040230000035526,Обертинська селищна територіальна громада,Івано-Франківська область,Задовільний,present,valid
2604025,UA26040250000061081,Олешанська сільська територіальна громада,Івано-Франківська область,Задовільний,present,valid
2604027,UA26040270000047749,Рогатинська міська територіальна громада,Івано-Франківська область,Задовільний,present,valid
2604029,UA26040290000025886,Солотвинська селищна територіальна громада,Івано-Франківська область,Задовільний,present,valid
2604031,UA26040310000066064,Старобогородчанська сільська територіальна громада,Івано-Франківська область,Задовільний,present,valid
2604033,UA26040330000019235,Тисменицька міська територіальна громада,Івано-Франківська область,Задовільний,present,valid
2604035,UA26040350000024417,Тлумацька міська територіальна громада,Івано-Франківська область,Задовільний,present,valid
2604037,UA26040370000057019,Угринівська сільська територіальна громада,Івано-Франківська область,Помірний,present,valid
2604039,UA26040390000023006,Ямницька сільська територіальна громада,Івано-Франківська область,Задовільний,present,valid
2606001,UA26060010000037638,Болехівська міська територіальна громада,Івано-Франківська область,Задовільний,present,valid
2606003,UA26060030000011364,Брошнів-Осадська селищна територіальна громада,Івано-Франківська область,Помірний,present,valid
2606005,UA26060050000042523,Верхнянська сільська територіальна громада,Івано-Франківська область,Задовільний,present,valid
2606007,UA26060070000011203,Вигодська селищна територіальна громада,Івано-Франківська область,Задовільний,present,valid
2606009,UA26060090000054411,Витвицька сільська територіальна громада,Івано-Франківська область,Задовільний,present,valid
2606011,UA26060110000025739,Войнилівська селищна територіальна громада,Івано-Франківська область,Задовільний,present,valid
2606013,UA26060130000047466,Долинська міська територіальна громада,Івано-Франківська область,Задовільний,present,valid
2606015,UA26060150000074921,Дубівська сільська територіальна громада,Івано-Франківська область,Задовільний,present,valid
2606017,UA26060170000091466,Калуська міська територіальна громада,Івано-Франківська область,Задовільний,present,valid
2606019,UA26060190000099075,Новицька сільська територіальна громада,Івано-Франківська область,Задовільний,present,valid
2606021,UA26060210000091421,Перегінська селищна територіальна громада,Івано-Франківська область,Задовільний,present,valid
2606023,UA26060230000053464,Рожнятівська селищна територіальна громада,Івано-Франківська область,Задовільний,present,valid
2606025,UA26060250000064599,Спаська сільська територіальна громада,Івано-Франківська область,Задовільний,present,valid
2608001,UA26080010000036750,Гвіздецька селищна територіальна громада,Івано-Франківська область,Задовільний,present,valid
2608003,UA26080030000014307,Городенківська міська територіальна громада,Івано-Франківська область,Задовільний,present,valid
2608005,UA26080050000081474,Заболотівська селищна територіальна громада,Івано-Франківська область,Задовільний,present,valid
2608007,UA26080070000092582,Коломийська міська територіальна громада,Івано-Франківська область,Задовільний,present,valid
2608009,UA26080090000095729,Коршівська сільська територіальна громада,Івано-Франківська область,Задовільний,present,valid
2608011,UA26080110000076323,Матеївецька сільська територіальна громада,Івано-Франківська область,Задовільний,present,valid
2608013,UA26080130000058024,Нижньовербізька сільська територіальна громада,Івано-Франківська область,Задовільний,present,valid
2608015,UA26080150000032640,Отинійська селищна територіальна громада,Івано-Франківська область,Задовільний,present,valid
2608017,UA26080170000041182,Печеніжинська селищна територіальна громада,Івано-Франківська область,Задовільний,present,valid
2608019,UA26080190000080618,Підгайчиківська сільська територіальна громада,Івано-Франківська область,Задовільний,present,valid
2608021,UA26080210000049380,П’ядицька сільська територіальна громада,Івано-Франківська область,Задовільний,present,valid
2608023,UA26080230000035462,Снятинська міська територіальна громада,Івано-Франківська область,Задовільний,present,valid
2608025,UA26080250000056546,Чернелицька селищна територіальна громада,Івано-Франківська область,Задовільний,present,valid
2610001,UA26100010000076570,Косівська міська територіальна громада,Івано-Франківська область,Задовільний,present,valid
2610003,UA26100030000012148,Космацька сільська територіальна громада,Івано-Франківська область,Задовільний,present,valid
2610005,UA26100050000019570,Кутська селищна територіальна громада,Івано-Франківська область,Задовільний,present,valid
2610007,UA26100070000078132,Рожнівська сільська територіальна громада,Івано-Франківська область,Задовільний,present,valid
2610009,UA26100090000038366,Яблунівська селищна територіальна громада,Івано-Франківська область,Задовільний,present,valid
2612001,UA26120010000096774,Ворохтянська селищна територіальна громада,Івано-Франківська область,Помірний,present,valid
2612003,UA26120030000018265,Делятинська селищна територіальна громада,Івано-Франківська область,Задовільний,present,valid
2612005,UA26120050000087602,Ланчинська селищна територіальна громада,Івано-Франківська область,Задовільний,present,valid
2612007,UA26120070000067596,Надвірнянська міська територіальна громада,Івано-Франківська область,Задовільний,present,valid
2612009,UA26120090000072057,Пасічнянська сільська територіальна громада,Івано-Франківська область,Задовільний,present,valid
2612011,UA26120110000086381,Переріслянська сільська територіальна громада,Івано-Франківська область,Задовільний,present,valid
2612013,UA26120130000088448,Поляницька сільська територіальна громада,Івано-Франківська область,Задовільний,present,valid
2612015,UA26120150000021671,Яремчанська міська територіальна громада,Івано-Франківська область,Помірний,present,valid
3200000,,Чорнобильська зона відчуження,Київська область,,present,special
3202001,UA32020010000093088,Білоцерківська міська територіальна громада,Київська область,Високий,present,valid
3202003,UA32020030000029575,Володарська селищна територіальна громада,Київська область,Задовільний,present,valid
3202005,UA32020050000062595,Гребінківська селищна територіальна громада,Київська область,Помірний,present,valid
3202007,UA32020070000027895,Ковалівська сільська територіальна громада,Київська область,Помірний,present,valid
3202009,UA32020090000022264,Маловільшанська сільська територіальна громада,Київська область,Задовільний,present,valid
3202011,UA32020110000085875,Медвинська сільська територіальна громада,Київська область,Задовільний,present,valid
3202013,UA32020130000010013,Рокитнянська селищна територіальна громада,Київська область,Задовільний,present,valid
3202015,UA32020150000040878,Сквирська міська територіальна громада,Київська область,Задовільний,present,valid
3202017,UA32020170000020698,Ставищенська селищна територіальна громада,Київська область,Задовільний,present,valid
3202019,UA32020190000084133,Таращанська міська територіальна громада,Київська область,Задовільний,present,valid
3202021,UA32020210000064694,Тетіївська міська територіальна громада,Київська область,Задовільний,present,valid
3202023,UA32020230000012716,Узинська міська територіальна громада,Київська область,Помірний,present,valid
3202025,UA32020250000099079,Фурсівська сільська територіальна громада,Київська область,Задовільний,present,valid
3204001,UA32040010000010116,Бориспільська міська територіальна громада,Київська область,Високий,present,valid
3204003,UA32040030000083910,Вороньківська сільська територіальна громада,Київська область,Помірний,present,valid
3204005,UA32040050000077950,Гірська сільська територіальна громада,Київська область,Помірний,present,valid
3204007,UA32040070000056247,Дівичківська сільська територіальна громада,Київська область,Помірний,present,valid
3204009,UA32040090000083028,Золочівська сільська територіальна громада,Київська область,Помірний,present,valid
3204011,UA32040110000047477,Переяславська міська територіальна громада,Київська область,Помірний,present,valid
3204013,UA32040130000049927,Пристолична сільська територіальна громада,Київська область,Помірний,present,valid
3204015,UA32040150000073245,Студениківська сільська територіальна громада,Київська область,Помірний,present,valid
3204017,UA32040170000034173,Ташанська сільська територіальна громада,Київська область,Помірний,present,valid
3204019,UA32040190000043384,Циблівська сільська територіальна громада,Київська область,Помірний,present,valid
3204021,UA32040210000086086,Яготинська міська територіальна громада,Київська область,Помірний,present,valid
3206001,UA32060010000086043,Баришівська селищна територіальна громада,Київська область,Помірний,present,valid
3206003,UA32060030000048241,Березанська міська територіальна громада,Київська область,Помірний,present,valid
3206005,UA32060050000030591,Броварська міська територіальна громада,Київська область,Високий,present,valid
3206007,UA32060070000092009,Великодимерська селищна територіальна громада,Київська область,Помірний,present,valid
3206009,UA32060090000096236,Зазимська сільська територіальна громада,Київська область,Високий,present,valid
3206011,UA32060110000050416,Згурівська селищна територіальна громада,Київська область,Помірний,present,valid
3206013,UA32060130000095223,Калинівська селищна територіальна громада,Київська область,Помірний,present,valid
3206015,UA32060150000031409,Калитянська селищна територіальна громада,Київська область,Високий,present,valid
3208001,UA32080010000060215,Білогородська сільська територіальна громада,Київська область,Помірний,present,valid
3208003,UA32080030000070006,Бородянська селищна територіальна громада,Київська область,Помірний,present,valid
3208005,UA32080050000052660,Борщагівська сільська територіальна громада,Київська область,Високий,present,valid
3208007,UA32080070000050759,Бучанська міська територіальна громада,Київська область,Помірний,present,valid
3208009,UA32080090000011038,Вишнева міська територіальна громада,Київська область,Високий,present,valid
3208011,UA32080110000056605,Гостомельська селищна територіальна громада,Київська область,Помірний,present,valid
3208013,UA32080130000056481,Дмитрівська сільська територіальна громада,Київська область,Помірний,present,valid
3208015,UA32080150000035443,Ірпінська міська територіальна громада,Київська область,Високий,present,valid
3208017,UA32080170000086616,Коцюбинська селищна територіальна громада,Київська область,Високий,present,valid
3208019,UA32080190000081428,Макарівська селищна територіальна громада,Київська область,Помірний,present,valid
3208021,UA32080210000074136,Немішаївська селищна територіальна громада,Київська область,Помірний,present,valid
3208023,UA32080230000026180,Пісківська селищна територіальна громада,Київська область,Високий,present,valid
3210001,UA32100010000094393,Вишгородська міська територіальна громада,Київська область,Високий,present,valid
3210003,UA32100030000066252,Димерська селищна територіальна громада,Київська область,Високий,present,valid
3210005,UA32100050000082904,Іванківська селищна територіальна громада,Київська область,Високий,present,valid
3210007,UA32100070000076283,Петрівська сільська територіальна громада,Київська область,Помірний,present,valid
3210009,UA32100090000060111,Пірнівська сільська територіальна громада,Київська область,Високий,present,valid
3210011,UA32100110000030685,Поліська селищна територіальна громада,Київська область,Дуже високий,present,valid
3210013,UA32100130000093505,Славутицька міська територіальна громада,Київська область,Дуже високий,present,valid
3212001,UA32120010000062762,Богуславська міська територіальна громада,Київська область,Задовільний,present,valid
3212003,UA32120030000030458,Васильківська міська територіальна громада,Київська область,Високий,present,valid
3212005,UA32120050000067577,Кагарлицька міська територіальна громада,Київська область,Помірний,present,valid
3212007,UA32120070000050717,Козинська селищна територіальна громада,Київська область,Помірний,present,valid
3212009,UA32120090000034281,Миронівська міська територіальна громада,Київська область,Помірний,present,valid
3212011,UA32120110000025177,Обухівська міська територіальна громада,Київська область,Помірний,present,valid
3212013,UA32120130000012946,Ржищівська міська територіальна громада,Київська область,Помірний,present,valid
3212015,UA32120150000062718,Українська міська територіальна громада,Київська область,Помірний,present,valid
3212017,UA32120170000094084,Феодосіївська сільська територіальна громада,Київська область,Помірний,present,valid
3214001,UA32140010000049369,Бишівська сільська територіальна громада,Київська область,Помірний,present,valid
3214003,UA32140030000074165,Боярська міська територіальна громада,Київська область,Високий,present,valid
3214005,UA32140050000046018,Гатненська сільська територіальна громада,Київська область,Помірний,present,valid
3214007,UA32140070000012102,Глевахівська селищна територіальна громада,Київська область,Помірний,present,valid
3214009,UA32140090000085800,Калинівська селищна територіальна громада,Київська область,Помірний,present,valid
3214011,UA32140110000089620,Кожанська селищна територіальна громада,Київська область,Задовільний,present,valid
3214013,UA32140130000030648,Томашівська сільська територіальна громада,Київська область,Помірний,present,valid
3214015,UA32140150000040954,Фастівська міська територіальна громада,Київська область,Помірний,present,valid
3214017,UA32140170000038368,Чабанівська селищна територіальна громада,Київська область,Високий,present,valid
3502001,UA35020010000028961,Благовіщенська міська територіальна громада,Кіровоградська область,Помірний,present,valid
3502003,UA35020030000022644,Вільшанська селищна територіальна громада,Кіровоградська область,Помірний,present,valid
3502005,UA35020050000014205,Гайворонська міська територіальна громада,Кіровоградська область,Помірний,present,valid
3502007,UA35020070000018243,Голованівська селищна територіальна громада,Кіровоградська область,Помірний,present,valid
3502009,UA35020090000039429,Заваллівська селищна територіальна громада,Кіровоградська область,Помірний,present,valid
3502011,UA35020110000013511,Надлацька сільська територіальна громада,Кіровоградська область,Помірний,present,valid
3502013,UA35020130000045875,Новоархангельська селищна територіальна громада,Кіровоградська область,Помірний,present,valid
3502015,UA35020150000027557,Перегонівська сільська територіальна громада,Кіровоградська область,Помірний,present,valid
3502017,UA35020170000076448,Підвисоцька сільська територіальна громада,Кіровоградська область,Помірний,present,valid
3502019,UA35020190000025203,Побузька селищна територіальна громада,Кіровоградська область,Помірний,present,valid
3504001,UA35040010000022631,Аджамська сільська територіальна громада,Кіровоградська область,Помірний,present,valid
3504003,UA35040030000074104,Бобринецька міська територіальна громада,Кіровоградська область,Помірний,present,valid
3504005,UA35040050000013889,Великосеверинівська сільська територіальна громада,Кіровоградська область,Помірний,present,valid
3504007,UA35040070000034432,Гурівська сільська територіальна громада,Кіровоградська область,Високий,present,valid
3504009,UA35040090000082553,Дмитрівська сільська територіальна громада,Кіровоградська область,Помірний,present,valid
3504011,UA35040110000055821,Долинська міська територіальна громада,Кіровоградська область,Високий,present,valid
3504013,UA35040130000021732,Знам’янська міська територіальна громада,Кіровоградська область,Високий,present,valid
3504015,UA35040150000097644,Катеринівська сільська територіальна громада,Кіровоградська область,Помірний,present,valid
3504017,UA35040170000065192,Кетрисанівська сільська територіальна громада,Кіровоградська область,Помірний,present,valid
3504019,UA35040190000012514,Компаніївська селищна територіальна громада,Кіровоградська область,Помірний,present,valid
3504021,UA35040210000014072,Кропивницька міська територіальна громада,Кіровоградська область,Помірний,present,valid
3504023,UA35040230000015609,Новгородківська селищна територіальна громада,Кіровоградська область,Помірний,present,valid
3504025,UA35040250000048915,Олександрівська селищна територіальна громада,Кіровоградська область,Помірний,present,valid
3504027,UA35040270000084621,Первозванівська сільська територіальна громада,Кіровоградська область,Помірний,present,valid
3504029,UA35040290000046019,Соколівська сільська територіальна громада,Кіровоградська область,Помірний,present,valid
3504031,UA35040310000035890,Суботцівська сільська територіальна громада,Кіровоградська область,Помірний,present,valid
3504033,UA35040330000014430,Устинівська селищна територіальна громада,Кіровоградська область,Високий,present,valid
3506001,UA35060010000018331,Ганнівська сільська територіальна громада,Кіровоградська область,Помірний,present,valid
3506003,UA35060030000099117,Глодоська сільська територіальна громада,Кіровоградська область,Помірний,present,valid
3506005,UA35060050000025668,Добровеличківська селищна територіальна громада,Кіровоградська область,Помірний,present,valid
3506007,UA35060070000071148,Злинська сільська територіальна громада,Кіровоградська область,Помірний,present,valid
3506009,UA35060090000091976,Маловисківська міська територіальна громада,Кіровоградська область,Помірний,present,valid
3506011,UA35060110000056063,Мар’янівська сільська територіальна громада,Кіровоградська область,Помірний,present,valid
3506013,UA35060130000087718,Новомиргородська міська територіальна громада,Кіровоградська область,Помірний,present,valid
3506015,UA35060150000073710,Новоукраїнська міська територіальна громада,Кіровоградська область,Помірний,present,valid
3506017,UA35060170000071056,Піщанобрідська сільська територіальна громада,Кіровоградська область,Помірний,present,valid
3506019,UA35060190000079777,Помічнянська міська територіальна громада,Кіровоградська область,Високий,present,valid
3506021,UA35060210000019042,Рівнянська сільська територіальна громада,Кіровоградська область,Помірний,present,valid
3506023,UA35060230000086264,Смолінська селищна територіальна громада,Кіровоградська область,Помірний,present,valid
3506025,UA35060250000057436,Тишківська сільська територіальна громада,Кіровоградська область,Помірний,present,valid
3508001,UA35080010000032386,Великоандрусівська сільська територіальна громада,Кіровоградська область,Помірний,present,valid
3508003,UA35080030000042560,Новопразька селищна територіальна громада,Кіровоградська область,Помірний,present,valid
3508005,UA35080050000038829,Олександрійська міська територіальна громада,Кіровоградська область,Помірний,present,valid
3508007,UA35080070000016791,Онуфріївська селищна територіальна громада,Кіровоградська область,Помірний,present,valid
3508009,UA35080090000078673,Пантаївська селищна територіальна громада,Кіровоградська область,Помірний,present,valid
3508011,UA35080110000063919,Петрівська селищна територіальна громада,Кіровоградська область,Високий,present,valid
3508013,UA35080130000048304,Попельнастівська сільська територіальна громада,Кіровоградська область,Високий,present,valid
3508015,UA35080150000074379,Приютівська селищна територіальна громада,Кіровоградська область,Помірний,present,valid
3508017,UA35080170000077673,Світловодська міська територіальна громада,Кіровоградська область,Помірний,present,valid
4402001,UA44020010000067642,Алчевська міська територіальна громада,Луганська область,Непереборний,present,valid
4402003,UA44020030000055937,Зимогір’ївська міська територіальна громада,Луганська область,Непереборний,present,valid
4402005,UA44020050000061272,Кадіївська міська територіальна громада,Луганська область,Непереборний,present,valid
4404001,UA44040010000091230,Довжанська міська територіальна громада,Луганська область,Непереборний,present,valid
4404003,UA44040030000034083,Сорокинська міська територіальна громада,Луганська область,Непереборний,present,valid
4406001,UA44060010000059164,Луганська міська територіальна громада,Луганська область,Непереборний,present,valid
4406003,UA44060030000019360,Лутугинська міська територіальна громада,Луганська область,Непереборний,present,valid
4406005,UA44060050000028333,Молодогвардійська міська територіальна громада,Луганська область,Непереборний,present,valid
4408001,UA44080010000030435,Антрацитівська міська територіальна громада,Луганська область,Непереборний,present,valid
4408003,UA44080030000048115,Ровеньківська міська територіальна громада,Луганська область,Непереборний,present,valid
4408005,UA44080050000055882,Хрустальненська міська територіальна громада,Луганська область,Непереборний,present,valid
4410001,UA44100010000048313,Білокуракинська селищна територіальна громада,Луганська область,Непереборний,present,valid
4410003,UA44100030000094890,Коломийчиська сільська територіальна громада,Луганська область,Непереборний,present,valid
4410005,UA44100050000027880,Красноріченська селищна територіальна громада,Луганська область,Непереборний,present,valid
4410007,UA44100070000070448,Лозно-Олександрівська селищна територіальна громада,Луганська область,Непереборний,present,valid
4410009,UA44100090000087782,Нижньодуванська селищна територіальна громада,Луганська область,Непереборний,present,valid
4410011,UA44100110000061602,Сватівська міська територіальна громада,Луганська область,Непереборний,present,valid
4410013,UA44100130000017965,Троїцька селищна територіальна громада,Луганська область,Непереборний,present,valid
4412001,UA44120010000044132,Гірська міська територіальна громада,Луганська область,Непереборний,present,valid
4412003,UA44120030000094047,Кремінська міська територіальна громада,Луганська область,Непереборний,present,valid
4412005,UA44120050000066819,Лисичанська міська територіальна громада,Луганська область,Непереборний,present,valid
4412007,UA44120070000073915,Попаснянська міська територіальна громада,Луганська область,Непереборний,present,valid
4412009,UA44120090000062828,Рубіжанська міська територіальна громада,Луганська область,Непереборний,present,valid
4412011,UA44120110000010163,Сєвєродонецька міська територіальна громада,Луганська область,Непереборний,present,valid
4414001,UA44140010000036188,Біловодська селищна територіальна громада,Луганська область,Непереборний,present,valid
4414003,UA44140030000070201,Білолуцька селищна територіальна громада,Луганська область,Непереборний,present,valid
4414005,UA44140050000026566,Марківська селищна територіальна громада,Луганська область,Непереборний,present,valid
4414007,UA44140070000058445,Міловська селищна територіальна громада,Луганська область,Непереборний,present,valid
4414009,UA44140090000072167,Новопсковська селищна територіальна громада,Луганська область,Непереборний,present,valid
4414011,UA44140110000056578,Старобільська міська територіальна громада,Луганська область,Непереборний,present,valid
4414013,UA44140130000089782,Чмирівська сільська територіальна громада,Луганська область,Непереборний,present,valid
4414015,UA44140150000072734,Шульгинська сільська територіальна громада,Луганська область,Непереборний,present,valid
4416001,UA44160010000053248,Нижньотеплівська сільська територіальна громада,Луганська область,Непереборний,present,valid
4416003,UA44160030000020916,Новоайдарська селищна територіальна громада,Луганська область,Непереборний,present,valid
4416005,UA44160050000040019,Станично-Луганська селищна територіальна громада,Луганська область,Непереборний,present,valid
4416007,UA44160070000013725,Широківська сільська територіальна громада,Луганська область,Непереборний,present,valid
4416009,UA44160090000075695,Щастинська міська територіальна громада,Луганська область,Непереборний,present,valid
4602001,UA46020010000073886,Бориславська міська територіальна громада,Львівська область,Задовільний,present,valid
4602003,UA46020030000019252,Дрогобицька міська територіальна громада,Львівська область,Задовільний,present,valid
4602005,UA46020050000037271,Меденицька селищна територіальна громада,Львівська область,Задовільний,present,valid
4602007,UA46020070000056149,Східницька селищна територіальна громада,Львівська область,Задовільний,present,valid
4602009,UA46020090000057315,Трускавецька міська територіальна громада,Львівська область,Помірний,present,valid
4604001,UA46040010000033885,Бродівська міська територіальна громада,Львівська область,Задовільний,present,valid
4604003,UA46040030000058332,Буська міська територіальна громада,Львівська область,Задовільний,present,valid
4604005,UA46040050000062043,Заболотцівська сільська територіальна громада,Львівська область,Задовільний,present,valid
4604007,UA46040070000032075,Золочівська міська територіальна громада,Львівська область,Задовільний,present,valid
4604009,UA46040090000012087,Красненська селищна територіальна громада,Львівська область,Задовільний,present,valid
4604011,UA46040110000093394,Підкамінська селищна територіальна громада,Львівська область,Задовільний,present,valid
4604013,UA46040130000035029,Поморянська селищна територіальна громада,Львівська область,Задовільний,present,valid
4606001,UA46060010000049728,Бібрська міська територіальна громада,Львівська область,Задовільний,present,valid
4606003,UA46060030000020652,Великолюбінська селищна територіальна громада,Львівська область,Помірний,present,valid
4606005,UA46060050000016451,Глинянська міська територіальна громада,Львівська область,Задовільний,present,valid
4606007,UA46060070000047720,Городоцька міська територіальна громада,Львівська область,Задовільний,present,valid
4606009,UA46060090000017373,Давидівська сільська територіальна громада,Львівська область,Задовільний,present,valid
4606011,UA46060110000011684,Добросинсько-Магерівська сільська територіальна громада,Львівська область,Задовільний,present,valid
4606013,UA46060130000059055,Жовківська міська територіальна громада,Львівська область,Задовільний,present,valid
4606015,UA46060150000060045,Жовтанецька сільська територіальна громада,Львівська область,Задовільний,present,valid
4606017,UA46060170000014754,Зимноводівська сільська територіальна громада,Львівська область,Помірний,present,valid
4606019,UA46060190000038354,Кам’янка-Бузька міська територіальна громада,Львівська область,Задовільний,present,valid
4606021,UA46060210000047788,Комарнівська міська територіальна громада,Львівська область,Задовільний,present,valid
4606023,UA46060230000093092,Куликівська селищна територіальна громада,Львівська область,Задовільний,present,valid
4606025,UA46060250000025047,Львівська міська територіальна громада,Львівська область,Високий,present,valid
4606027,UA46060270000027170,Мурованська сільська територіальна громада,Львівська область,Помірний,present,valid
4606029,UA46060290000052876,Новояричівська селищна територіальна громада,Львівська область,Задовільний,present,valid
4606031,UA46060310000086550,Оброшинська сільська територіальна громада,Львівська область,Задовільний,present,valid
4606033,UA46060330000065074,Перемишлянська міська територіальна громада,Львівська область,Задовільний,present,valid
4606035,UA46060350000036006,Підберізцівська сільська територіальна громада,Львівська область,Задовільний,present,valid
4606037,UA46060370000065608,Пустомитівська міська територіальна громада,Львівська область,Помірний,present,valid
4606039,UA46060390000035967,Рава-Руська міська територіальна громада,Львівська область,Задовільний,present,valid
4606041,UA46060410000052681,Сокільницька сільська територіальна громада,Львівська область,Задовільний,present,valid
4606043,UA46060430000091455,Солонківська сільська територіальна громада,Львівська область,Помірний,present,valid
4606045,UA46060450000037997,Щирецька селищна територіальна громада,Львівська область,Задовільний,present,valid
4608001,UA46080010000010628,Бісковицька сільська територіальна громада,Львівська область,Задовільний,present,valid
4608003,UA46080030000048662,Боринська селищна територіальна громада,Львівська область,Задовільний,present,valid
4608005,UA46080050000015399,Добромильська міська територіальна громада,Львівська область,Задовільний,present,valid
4608007,UA46080070000035761,Новокалинівська міська територіальна громада,Львівська область,Задовільний,present,valid
4608009,UA46080090000029798,Ралівська сільська територіальна громада,Львівська область,Задовільний,present,valid
4608011,UA46080110000050484,Рудківська міська територіальна громада,Львівська область,Задовільний,present,valid
4608013,UA46080130000077112,Самбірська міська територіальна громада,Львівська область,Задовільний,present,valid
4608015,UA46080150000050321,Старосамбірська міська територіальна громада,Львівська область,Задовільний,present,valid
4608017,UA46080170000064605,Стрілківська сільська територіальна громада,Львівська область,Задовільний,present,valid
4608019,UA46080190000096121,Турківська міська територіальна громада,Львівська область,Задовільний,present,valid
4608021,UA46080210000051983,Хирівська міська територіальна громада,Львівська область,Задовільний,present,valid
4610001,UA46100010000066018,Гніздичівська селищна територіальна громада,Львівська область,Задовільний,present,valid
4610003,UA46100030000016064,Грабовецько-Дулібівська сільська територіальна громада,Львівська область,Задовільний,present,valid
4610005,UA46100050000053848,Жидачівська міська територіальна громада,Львівська область,Задовільний,present,valid
4610007,UA46100070000076013,Журавненська селищна територіальна громада,Львівська область,Задовільний,present,valid
4610009,UA46100090000076723,Козівська сільська територіальна громада,Львівська область,Задовільний,present,valid
4610011,UA46100110000018989,Миколаївська міська територіальна громада,Львівська область,Задовільний,present,valid
4610013,UA46100130000048262,Моршинська міська територіальна громада,Львівська область,Задовільний,present,valid
4610015,UA46100150000087495,Новороздільська міська територіальна громада,Львівська область,Помірний,present,valid
4610017,UA46100170000077437,Розвадівська сільська територіальна громада,Львівська область,Задовільний,present,valid
4610019,UA46100190000081766,Сколівська міська територіальна громада,Львівська область,Помірний,present,valid
4610021,UA46100210000027970,Славська селищна територіальна громада,Львівська область,Задовільний,present,valid
4610023,UA46100230000047305,Стрийська міська територіальна громада,Львівська область,Задовільний,present,valid
4610025,UA46100250000088835,Тростянецька сільська територіальна громада,Львівська область,Задовільний,present,valid
4610027,UA46100270000094052,Ходорівська міська територіальна громада,Львівська область,Задовільний,present,valid
4612001,UA46120010000054878,Белзька міська територіальна громада,Львівська область,Задовільний,present,valid
4612003,UA46120030000069375,Великомостівська міська територіальна громада,Львівська область,Задовільний,present,valid
4612005,UA46120050000027080,Добротвірська селищна територіальна громада,Львівська область,Задовільний,present,valid
4612007,UA46120070000071541,Лопатинська селищна територіальна громада,Львівська область,Задовільний,present,valid
4612009,UA46120090000051307,Радехівська міська територіальна громада,Львівська область,Задовільний,present,valid
4612011,UA46120110000062257,Сокальська міська територіальна громада,Львівська область,Задовільний,present,valid
4612013,UA46120130000026331,Червоноградська міська територіальна громада,Львівська область,Задовільний,present,valid
4614001,UA46140010000081849,Івано-Франківська селищна територіальна громада,Львівська область,Задовільний,present,valid
4614003,UA46140030000023506,Мостиська міська територіальна громада,Львівська область,Задовільний,present,valid
4614005,UA46140050000054478,Новояворівська міська територіальна громада,Львівська область,Задовільний,present,valid
4614007,UA46140070000010135,Судововишнянська міська територіальна громада,Львівська область,Задовільний,present,valid
4614009,UA46140090000079730,Шегинівська сільська територіальна громада,Львівська область,Задовільний,present,valid
4614011,UA46140110000063568,Яворівська міська територіальна громада,Львівська область,Задовільний,present,valid
4802001,UA48020010000091496,Баштанська міська територіальна громада,Миколаївська область,Дуже високий,present,valid
4802003,UA48020030000061219,Березнегуватська селищна територіальна громада,Миколаївська область,Дуже високий,present,valid
4802005,UA48020050000023194,Вільнозапорізька сільська територіальна громада,Миколаївська область,Дуже високий,present,valid
4802007,UA48020070000050731,Володимирівська сільська територіальна громада,Миколаївська область,Дуже високий,present,valid
4802009,UA48020090000069919,Горохівська сільська територіальна громада,Миколаївська область,Дуже високий,present,valid
4802011,UA48020110000020969,Інгульська сільська територіальна громада,Миколаївська область,Дуже високий,present,valid
4802013,UA48020130000080862,Казанківська селищна територіальна громада,Миколаївська область,Дуже високий,present,valid
4802015,UA48020150000051082,Новобузька міська територіальна громада,Миколаївська область,Дуже високий,present,valid
4802017,UA48020170000082529,Привільненська сільська територіальна громада,Миколаївська область,Дуже високий,present,valid
4802019,UA48020190000083597,Снігурівська міська територіальна громада,Миколаївська область,Дуже високий,present,valid
4802021,UA48020210000024814,Софіївська сільська територіальна громада,Миколаївська область,Дуже високий,present,valid
4802023,UA48020230000095751,Широківська сільська територіальна громада,Миколаївська область,Дуже високий,present,valid
4804001,UA48040010000016403,Братська селищна територіальна громада,Миколаївська область,Помірний,present,valid
4804003,UA48040030000013036,Бузька сільська територіальна громада,Миколаївська область,Високий,present,valid
4804005,UA48040050000011284,Веселинівська селищна територіальна громада,Миколаївська область,Високий,present,valid
4804007,UA48040070000056126,Вознесенська міська територіальна громада,Миколаївська область,Високий,present,valid
4804009,UA48040090000070960,Доманівська селищна територіальна громада,Миколаївська область,Високий,present,valid
4804011,UA48040110000015580,Дорошівська сільська територіальна громада,Миколаївська область,Високий,present,valid
4804013,UA48040130000074078,Єланецька селищна територіальна громада,Миколаївська область,Високий,present,valid
4804015,UA48040150000011861,Мостівська сільська територіальна громада,Миколаївська область,Високий,present,valid
4804017,UA48040170000057262,Новомар’ївська сільська територіальна громада,Миколаївська область,Помірний,present,valid
4804019,UA48040190000026236,Олександрівська селищна територіальна громада,Миколаївська область,Високий,present,valid
4804021,UA48040210000049987,Прибужанівська сільська територіальна громада,Миколаївська область,Високий,present,valid
4804023,UA48040230000012964,Прибузька сільська територіальна громада,Миколаївська область,Високий,present,valid
4804025,UA48040250000044166,Южноукраїнська міська територіальна громада,Миколаївська область,Високий,present,valid
4806001,UA48060010000061913,Березанська селищна територіальна громада,Миколаївська область,Дуже високий,present,valid
4806003,UA48060030000055210,Веснянська сільська територіальна громада,Миколаївська область,Дуже високий,present,valid
4806005,UA48060050000074873,Воскресенська селищна територіальна громада,Миколаївська область,Дуже високий,present,valid
4806007,UA48060070000087404,Галицинівська сільська територіальна громада,Миколаївська область,Дуже високий,present,valid
4806009,UA48060090000097375,Коблівська сільська територіальна громада,Миколаївська область,Дуже високий,present,valid
4806011,UA48060110000055792,Костянтинівська сільська територіальна громада,Миколаївська область,Дуже високий,present,valid
4806013,UA48060130000035572,Куцурубська сільська територіальна громада,Миколаївська область,Непереборний,present,valid
4806015,UA48060150000071713,Миколаївська міська територіальна громада,Миколаївська область,Дуже високий,present,valid
4806017,UA48060170000025778,Мішково-Погорілівська сільська територіальна громада,Миколаївська область,Дуже високий,present,valid
4806019,UA48060190000070297,Нечаянська сільська територіальна громада,Миколаївська область,Дуже високий,present,valid
4806021,UA48060210000081533,Новоодеська міська територіальна громада,Миколаївська область,Дуже високий,present,valid
4806023,UA48060230000098265,Ольшанська селищна територіальна громада,Миколаївська область,Високий,present,valid
4806025,UA48060250000061313,Очаківська міська територіальна громада,Миколаївська область,Непереборний,present,valid
4806027,UA48060270000044708,Первомайська селищна територіальна громада,Миколаївська область,Дуже високий,present,valid
4806029,UA48060290000080246,Радсадівська сільська територіальна громада,Миколаївська область,Дуже високий,present,valid
4806031,UA48060310000084930,Степівська сільська територіальна громада,Миколаївська область,Високий,present,valid
4806033,UA48060330000083035,Сухоєланецька сільська територіальна громада,Миколаївська область,Дуже високий,present,valid
4806035,UA48060350000011218,Чорноморська сільська територіальна громада,Миколаївська область,Дуже високий,present,valid
4806037,UA48060370000016130,Шевченківська сільська територіальна громада,Миколаївська область,Дуже високий,present,valid
4808001,UA48080010000048763,Арбузинська селищна територіальна громада,Миколаївська область,Помірний,present,valid
4808003,UA48080030000050927,Благодатненська сільська територіальна громада,Миколаївська область,Помірний,present,valid
4808005,UA48080050000053070,Врадіївська селищна територіальна громада,Миколаївська область,Помірний,present,valid
4808007,UA48080070000061107,Кам’яномостівська сільська територіальна громада,Миколаївська область,Помірний,present,valid
4808009,UA48080090000029942,Кривоозерська селищна територіальна громада,Миколаївська область,Помірний,present,valid
4808011,UA48080110000010732,Мигіївська сільська територіальна громада,Миколаївська область,Помірний,present,valid
4808013,UA48080130000028458,Первомайська міська територіальна громада,Миколаївська область,Помірний,present,valid
4808015,UA48080150000083195,Синюхинобрідська сільська територіальна громада,Миколаївська область,Помірний,present,valid
5102001,UA51020010000012094,Андрієво-Іванівська сільська територіальна громада,Одеська область,Високий,present,valid
5102003,UA51020030000095942,Березівська міська територіальна громада,Одеська область,Високий,present,valid
5102005,UA51020050000075980,Великобуялицька сільська територіальна громада,Одеська область,Високий,present,valid
5102007,UA51020070000019684,Знам’янська сільська територіальна громада,Одеська область,Високий,present,valid
5102009,UA51020090000073639,Іванівська селищна територіальна громада,Одеська область,Високий,present,valid
5102011,UA51020110000041005,Коноплянська сільська територіальна громада,Одеська область,Високий,present,valid
5102013,UA51020130000060117,Курісовська сільська територіальна громада,Одеська область,Високий,present,valid
5102015,UA51020150000090298,Миколаївська селищна територіальна громада,Одеська область,Високий,present,valid
5102017,UA51020170000041393,Новокальчевська сільська територіальна громада,Одеська область,Високий,present,valid
5102019,UA51020190000074479,Петровірівська сільська територіальна громада,Одеська область,Високий,present,valid
5102021,UA51020210000019597,Раухівська селищна територіальна громада,Одеська область,Високий,present,valid
5102023,UA51020230000068053,Розквітівська сільська територіальна громада,Одеська область,Високий,present,valid
5102025,UA51020250000084082,Старомаяківська сільська територіальна громада,Одеська область,Високий,present,valid
5102027,UA51020270000068435,Стрюківська сільська територіальна громада,Одеська область,Високий,present,valid
5102029,UA51020290000017926,Чогодарівська сільська територіальна громада,Одеська область,Високий,present,valid
5102031,UA51020310000020019,Ширяївська селищна територіальна громада,Одеська область,Високий,present,valid
5104001,UA51040010000016896,Білгород-Дністровська міська територіальна громада,Одеська область,Високий,present,valid
5104003,UA51040030000095700,Дивізійська сільська територіальна громада,Одеська область,Помірний,present,valid
5104005,UA51040050000073907,Кароліно-Бугазька сільська територіальна громада,Одеська область,Високий,present,valid
5104007,UA51040070000074000,Кулевчанська сільська територіальна громада,Одеська область,Високий,present,valid
5104009,UA51040090000096249,Лиманська сільська територіальна громада,Одеська область,Помірний,present,valid
5104011,UA51040110000040346,Маразліївська сільська територіальна громада,Одеська область,Високий,present,valid
5104013,UA51040130000049323,Мологівська сільська територіальна громада,Одеська область,Високий,present,valid
5104015,UA51040150000087491,Петропавлівська сільська територіальна громада,Одеська область,Помірний,present,valid
5104017,UA51040170000036391,Плахтіївська сільська територіальна громада,Одеська область,Помірний,present,valid
5104019,UA51040190000058077,Саратська селищна територіальна громада,Одеська область,Помірний,present,valid
5104021,UA51040210000057879,Сергіївська селищна територіальна громада,Одеська область,Високий,present,valid
5104023,UA51040230000018414,Старокозацька сільська територіальна громада,Одеська область,Високий,present,valid
5104025,UA51040250000099866,Татарбунарська міська територіальна громада,Одеська область,Помірний,present,valid
5104027,UA51040270000028361,Тузлівська сільська територіальна громада,Одеська область,Високий,present,valid
5104029,UA51040290000011852,Успенівська сільська територіальна громада,Одеська область,Високий,present,valid
5104031,UA51040310000071545,Шабівська сільська територіальна громада,Одеська область,Високий,present,valid
5106001,UA51060010000033212,Арцизька міська територіальна громада,Одеська область,Помірний,present,valid
5106003,UA51060030000044366,Болградська міська територіальна громада,Одеська область,Помірний,present,valid
5106005,UA51060050000061243,Бородінська селищна територіальна громада,Одеська область,Помірний,present,valid
5106007,UA51060070000052726,Василівська сільська територіальна громада,Одеська область,Помірний,present,valid
5106009,UA51060090000014997,Городненська сільська територіальна громада,Одеська область,Помірний,present,valid
5106011,UA51060110000077844,Криничненська сільська територіальна громада,Одеська область,Помірний,present,valid
5106013,UA51060130000042133,Кубейська сільська територіальна громада,Одеська область,Помірний,present,valid
5106015,UA51060150000016544,Павлівська сільська територіальна громада,Одеська область,Помірний,present,valid
5106017,UA51060170000068967,Тарутинська селищна територіальна громада,Одеська область,Помірний,present,valid
5106019,UA51060190000067242,Теплицька сільська територіальна громада,Одеська область,Помірний,present,valid
5108001,UA51080010000087690,Вилківська міська територіальна громада,Одеська область,Помірний,present,valid
5108003,UA51080030000048246,Ізмаїльська міська територіальна громада,Одеська область,Помірний,present,valid
5108005,UA51080050000022808,Кілійська міська територіальна громада,Одеська область,Помірний,present,valid
5108007,UA51080070000040493,Ренійська міська територіальна громада,Одеська область,Помірний,present,valid
5108009,UA51080090000065506,Саф’янівська сільська територіальна громада,Одеська область,Помірний,present,valid
5108011,UA51080110000079212,Суворовська селищна територіальна громада,Одеська область,Помірний,present,valid
5110001,UA51100010000023950,Авангардівська селищна територіальна громада,Одеська область,Високий,present,valid
5110003,UA51100030000027628,Біляївська міська територіальна громада,Одеська область,Високий,present,valid
5110005,UA51100050000066202,Великодальницька сільська територіальна громада,Одеська область,Високий,present,valid
5110007,UA51100070000063635,Великодолинська селищна територіальна громада,Одеська область,Високий,present,valid
5110009,UA51100090000094901,Вигодянська сільська територіальна громада,Одеська область,Високий,present,valid
5110011,UA51100110000098468,Визирська сільська територіальна громада,Одеська область,Дуже високий,present,valid
5110013,UA51100130000021533,Дальницька сільська територіальна громада,Одеська область,Високий,present,valid
5110015,UA51100150000090671,Дачненська сільська територіальна громада,Одеська область,Високий,present,valid
5110017,UA51100170000087238,Доброславська селищна територіальна громада,Одеська область,Високий,present,valid
5110019,UA51100190000060999,Красносільська сільська територіальна громада,Одеська область,Високий,present,valid
5110021,UA51100210000074534,Маяківська сільська територіальна громада,Одеська область,Високий,present,valid
5110023,UA51100230000045500,Нерубайська сільська територіальна громада,Одеська область,Високий,present,valid
5110025,UA51100250000055079,Овідіопольська селищна територіальна громада,Одеська область,Високий,present,valid
5110027,UA51100270000073549,Одеська міська територіальна громада,Одеська область,Високий,present,valid
5110029,UA51100290000027993,Таїровська селищна територіальна громада,Одеська область,Високий,present,valid
5110031,UA51100310000010196,Теплодарська міська територіальна громада,Одеська область,Високий,present,valid
5110033,UA51100330000051757,Усатівська сільська територіальна громада,Одеська область,Високий,present,valid
5110035,UA51100350000087099,Фонтанська сільська територіальна громада,Одеська область,Високий,present,valid
5110037,UA51100370000040590,Чорноморська міська територіальна громада,Одеська область,Високий,present,valid
5110039,UA51100390000087217,Чорноморська селищна територіальна громада,Одеська область,Дуже високий,present,valid
5110041,UA51100410000059549,Южненська міська територіальна громада,Одеська область,Дуже високий,present,valid
5110043,UA51100430000081326,Яськівська сільська територіальна громада,Одеська область,Дуже високий,present,valid
5112001,UA51120010000025020,Ананьївська міська територіальна громада,Одеська область,Помірний,present,valid
5112003,UA51120030000075494,Балтська міська територіальна громада,Одеська область,Високий,present,valid
5112005,UA51120050000071748,Долинська сільська територіальна громада,Одеська область,Помірний,present,valid
5112007,UA51120070000097161,Зеленогірська селищна територіальна громада,Одеська область,Помірний,present,valid
5112009,UA51120090000035170,Кодимська міська територіальна громада,Одеська область,Дуже високий,present,valid
5112011,UA51120110000047677,Куяльницька сільська територіальна громада,Одеська область,Високий,present,valid
5112013,UA51120130000064324,Любашівська селищна територіальна громада,Одеська область,Помірний,present,valid
5112015,UA51120150000080138,Окнянська селищна територіальна громада,Одеська область,Дуже високий,present,valid
5112017,UA51120170000076247,Піщанська сільська територіальна громада,Одеська область,Помірний,present,valid
5112019,UA51120190000044451,Подільська міська територіальна громада,Одеська область,Високий,present,valid
5112021,UA51120210000054996,Савранська селищна територіальна громада,Одеська область,Помірний,present,valid
5112023,UA51120230000084853,Слобідська селищна територіальна громада,Одеська область,Дуже високий,present,valid
5114001,UA51140010000090773,Великомихайлівська селищна територіальна громада,Одеська область,Високий,present,valid
5114003,UA51140030000062458,Великоплосківська сільська територіальна громада,Одеська область,Дуже високий,present,valid
5114005,UA51140050000054980,Затишанська селищна територіальна громада,Одеська область,Високий,present,valid
5114007,UA51140070000052649,Захарівська селищна територіальна громада,Одеська область,Дуже високий,present,valid
5114009,UA51140090000048720,Лиманська селищна територіальна громада,Одеська область,Дуже високий,present,valid
5114011,UA51140110000053825,Новоборисівська сільська територіальна громада,Одеська область,Високий,present,valid
5114013,UA51140130000082333,Роздільнянська міська територіальна громада,Одеська область,Дуже високий,present,valid
5114015,UA51140150000095416,Степанівська сільська територіальна громада,Одеська область,Дуже високий,present,valid
5114017,UA51140170000019764,Цебриківська селищна територіальна громада,Одеська область,Високий,present,valid
5302001,UA53020010000035494,Глобинська міська територіальна громада,Полтавська область,Помірний,present,valid
5302003,UA53020030000081709,Горішньоплавнівська міська територіальна громада,Полтавська область,Помірний,present,valid
5302005,UA53020050000041411,Градизька селищна територіальна громада,Полтавська область,Помірний,present,valid
5302007,UA53020070000049284,Кам’янопотоківська сільська територіальна громада,Полтавська область,Помірний,present,valid
5302009,UA53020090000045206,Козельщинська селищна територіальна громада,Полтавська область,Помірний,present,valid
5302011,UA53020110000092487,Кременчуцька міська територіальна громада,Полтавська область,Високий,present,valid
5302013,UA53020130000091122,Новогалещинська селищна територіальна громада,Полтавська область,Помірний,present,valid
5302015,UA53020150000098867,Оболонська сільська територіальна громада,Полтавська область,Помірний,present,valid
5302017,UA53020170000049108,Омельницька сільська територіальна громада,Полтавська область,Помірний,present,valid
5302019,UA53020190000090557,Піщанська сільська територіальна громада,Полтавська область,Помірний,present,valid
5302021,UA53020210000023587,Пришибська сільська територіальна громада,Полтавська область,Помірний,present,valid
5302023,UA53020230000086353,Семенівська селищна територіальна громада,Полтавська область,Помірний,present,valid
5304001,UA53040010000091190,Гребінківська міська територіальна громада,Полтавська область,Помірний,present,valid
5304003,UA53040030000088898,Лубенська міська територіальна громада,Полтавська область,Помірний,present,valid
5304005,UA53040050000091161,Новооржицька селищна територіальна громада,Полтавська область,Помірний,present,valid
5304007,UA53040070000083099,Оржицька селищна територіальна громада,Полтавська область,Помірний,present,valid
5304009,UA53040090000048649,Пирятинська міська територіальна громада,Полтавська область,Помірний,present,valid
5304011,UA53040110000034949,Хорольська міська територіальна громада,Полтавська область,Помірний,present,valid
5304013,UA53040130000097690,Чорнухинська селищна територіальна громада,Полтавська область,Помірний,present,valid
5306001,UA53060010000060316,Білоцерківська сільська територіальна громада,Полтавська область,Помірний,present,valid
5306003,UA53060030000045288,Великобагачанська селищна територіальна громада,Полтавська область,Помірний,present,valid
5306005,UA53060050000024229,Великобудищанська сільська територіальна громада,Полтавська область,Високий,present,valid
5306007,UA53060070000077527,Великосорочинська сільська територіальна громада,Полтавська область,Високий,present,valid
5306009,UA53060090000098426,Гадяцька міська територіальна громада,Полтавська область,Високий,present,valid
5306011,UA53060110000084138,Гоголівська селищна територіальна громада,Полтавська область,Високий,present,valid
5306013,UA53060130000040567,Заводська міська територіальна громада,Полтавська область,Високий,present,valid
5306015,UA53060150000093603,Комишнянська селищна територіальна громада,Полтавська область,Високий,present,valid
5306017,UA53060170000064030,Краснолуцька сільська територіальна громада,Полтавська область,Високий,present,valid
5306019,UA53060190000015369,Лохвицька міська територіальна громада,Полтавська область,Високий,present,valid
5306021,UA53060210000044776,Лютенська сільська територіальна громада,Полтавська область,Високий,present,valid
5306023,UA53060230000098362,Миргородська міська територіальна громада,Полтавська область,Помірний,present,valid
5306025,UA53060250000043118,Петрівсько-Роменська сільська територіальна громада,Полтавська область,Високий,present,valid
5306027,UA53060270000016329,Ромоданівська селищна територіальна громада,Полтавська область,Високий,present,valid
5306029,UA53060290000047345,Сенчанська сільська територіальна громада,Полтавська область,Високий,present,valid
5306031,UA53060310000047988,Сергіївська сільська територіальна громада,Полтавська область,Високий,present,valid
5306033,UA53060330000036503,Шишацька селищна територіальна громада,Полтавська область,Високий,present,valid
5308001,UA53080010000088479,Білицька селищна територіальна громада,Полтавська область,Помірний,present,valid
5308003,UA53080030000061078,Великорублівська сільська територіальна громада,Полтавська область,Високий,present,valid
5308005,UA53080050000011754,Диканська селищна територіальна громада,Полтавська область,Високий,present,valid
5308007,UA53080070000036333,Драбинівська сільська територіальна громада,Полтавська область,Помірний,present,valid
5308009,UA53080090000014431,Зіньківська міська територіальна громада,Полтавська область,Високий,present,valid
5308011,UA53080110000062015,Карлівська міська територіальна громада,Полтавська область,Високий,present,valid
5308013,UA53080130000014699,Кобеляцька міська територіальна громада,Полтавська область,Помірний,present,valid
5308015,UA53080150000085889,Коломацька сільська територіальна громада,Полтавська область,Високий,present,valid
5308017,UA53080170000047487,Котелевська селищна територіальна громада,Полтавська область,Дуже високий,present,valid
5308019,UA53080190000081150,Ланнівська сільська територіальна громада,Полтавська область,Високий,present,valid
5308021,UA53080210000072644,Мартинівська сільська територіальна громада,Полтавська область,Високий,present,valid
5308023,UA53080230000047239,Мачухівська сільська територіальна громада,Полтавська область,Високий,present,valid
5308025,UA53080250000097618,Машівська селищна територіальна громада,Полтавська область,Високий,present,valid
5308027,UA53080270000062586,Михайлівська сільська територіальна громада,Полтавська область,Високий,present,valid
5308029,UA53080290000024637,Нехворощанська сільська територіальна громада,Полтавська область,Помірний,present,valid
5308031,UA53080310000072384,Новосанжарська селищна територіальна громада,Полтавська область,Помірний,present,valid
5308033,UA53080330000062155,Новоселівська сільська територіальна громада,Полтавська область,Високий,present,valid
5308035,UA53080350000070563,Опішнянська селищна територіальна громада,Полтавська область,Високий,present,valid
5308037,UA53080370000025447,Полтавська міська територіальна громада,Полтавська область,Високий,present,valid
5308039,UA53080390000027656,Решетилівська міська територіальна громада,Полтавська область,Помірний,present,valid
5308041,UA53080410000094938,Скороходівська селищна територіальна громада,Полтавська область,Дуже високий,present,valid
5308043,UA53080430000085474,Терешківська сільська територіальна громада,Полтавська область,Високий,present,valid
5308045,UA53080450000087891,Чутівська селищна територіальна громада,Полтавська область,Дуже високий,present,valid
5308047,UA53080470000053547,Щербанівська сільська територіальна громада,Полтавська область,Високий,present,valid
5602001,UA56020010000027956,Антонівська сільська територіальна громада,Рівненська область,Високий,present,valid
5602003,UA56020030000068439,Вараська міська територіальна громада,Рівненська область,Помірний,present,valid
5602005,UA56020050000087443,Володимирецька селищна територіальна громада,Рівненська область,Високий,present,valid
5602007,UA56020070000060676,Зарічненська селищна територіальна громада,Рівненська область,Дуже високий,present,valid
5602009,UA56020090000066575,Каноницька сільська територіальна громада,Рівненська область,Високий,present,valid
5602011,UA56020110000024586,Локницька сільська територіальна громада,Рівненська область,Дуже високий,present,valid
5602013,UA56020130000066130,Полицька сільська територіальна громада,Рівненська область,Помірний,present,valid
5602015,UA56020150000079107,Рафалівська селищна територіальна громада,Рівненська область,Високий,present,valid
5604001,UA56040010000048910,Бокіймівська сільська територіальна громада,Рівненська область,Задовільний,present,valid
5604003,UA56040030000031906,Боремельська сільська територіальна громада,Рівненська область,Задовільний,present,valid
5604005,UA56040050000074861,Варковицька сільська територіальна громада,Рівненська область,Задовільний,present,valid
5604007,UA56040070000046270,Вербська сільська територіальна громада,Рівненська область,Помірний,present,valid
5604009,UA56040090000093293,Демидівська селищна територіальна громада,Рівненська область,Задовільний,present,valid
5604011,UA56040110000061997,Дубенська міська територіальна громада,Рівненська область,Помірний,present,valid
5604013,UA56040130000011543,Козинська сільська територіальна громада,Рівненська область,Задовільний,present,valid
5604015,UA56040150000039275,Крупецька сільська територіальна громада,Рівненська область,Задовільний,present,valid
5604017,UA56040170000050651,Мирогощанська сільська територіальна громада,Рівненська область,Задовільний,present,valid
5604019,UA56040190000045841,Млинівська селищна територіальна громада,Рівненська область,Задовільний,present,valid
5604021,UA56040210000047101,Острожецька сільська територіальна громада,Рівненська область,Задовільний,present,valid
5604023,UA56040230000032182,Підлозцівська сільська територіальна громада,Рівненська область,Задовільний,present,valid
5604025,UA56040250000064519,Повчанська сільська територіальна громада,Рівненська область,Задовільний,present,valid
5604027,UA56040270000014394,Привільненська сільська територіальна громада,Рівненська область,Задовільний,present,valid
5604029,UA56040290000025511,Радивилівська міська територіальна громада,Рівненська область,Задовільний,present,valid
5604031,UA56040310000052028,Семидубська сільська територіальна громада,Рівненська область,Задовільний,present,valid
5604033,UA56040330000091100,Смизька селищна територіальна громада,Рівненська область,Задовільний,present,valid
5604035,UA56040350000014945,Тараканівська сільська територіальна громада,Рівненська область,Задовільний,present,valid
5604037,UA56040370000063056,Ярославицька сільська територіальна громада,Рівненська область,Задовільний,present,valid
5606001,UA56060010000018261,Бабинська сільська територіальна громада,Рівненська область,Задовільний,present,valid
5606003,UA56060030000057923,Березнівська міська територіальна громада,Рівненська область,Помірний,present,valid
5606005,UA56060050000010769,Білокриницька сільська територіальна громада,Рівненська область,Задовільний,present,valid
5606007,UA56060070000034529,Бугринська сільська територіальна громада,Рівненська область,Задовільний,present,valid
5606009,UA56060090000066065,Великомежиріцька сільська територіальна громада,Рівненська область,Задовільний,present,valid
5606011,UA56060110000087064,Великоомелянська сільська територіальна громада,Рівненська область,Задовільний,present,valid
5606013,UA56060130000072276,Головинська сільська територіальна громада,Рівненська область,Задовільний,present,valid
5606015,UA56060150000079268,Городоцька сільська територіальна громада,Рівненська область,Задовільний,present,valid
5606017,UA56060170000073171,Гощанська селищна територіальна громада,Рівненська область,Задовільний,present,valid
5606019,UA56060190000073111,Деражненська сільська територіальна громада,Рівненська область,Задовільний,present,valid
5606021,UA56060210000017052,Дядьковицька сільська територіальна громада,Рівненська область,Задовільний,present,valid
5606023,UA56060230000076543,Здовбицька сільська територіальна громада,Рівненська область,Задовільний,present,valid
5606025,UA56060250000052338,Здолбунівська міська територіальна громада,Рівненська область,Задовільний,present,valid
5606027,UA56060270000047362,Зорянська сільська територіальна громада,Рівненська область,Задовільний,present,valid
5606029,UA56060290000044465,Клеванська селищна територіальна громада,Рівненська область,Помірний,present,valid
5606031,UA56060310000066585,Корецька міська територіальна громада,Рівненська область,Задовільний,present,valid
5606033,UA56060330000075139,Корнинська сільська територіальна громада,Рівненська область,Задовільний,present,valid
5606035,UA56060350000045909,Костопільська міська територіальна громада,Рівненська область,Помірний,present,valid
5606037,UA56060370000023028,Малинська сільська територіальна громада,Рівненська область,Помірний,present,valid
5606039,UA56060390000090915,Малолюбашанська сільська територіальна громада,Рівненська область,Помірний,present,valid
5606041,UA56060410000055190,Мізоцька селищна територіальна громада,Рівненська область,Задовільний,present,valid
5606043,UA56060430000081857,Олександрійська сільська територіальна громада,Рівненська область,Задовільний,present,valid
5606045,UA56060450000083945,Острозька міська територіальна громада,Рівненська область,Задовільний,present,valid
5606047,UA56060470000086729,Рівненська міська територіальна громада,Рівненська область,Помірний,present,valid
5606049,UA56060490000031684,Соснівська селищна територіальна громада,Рівненська область,Помірний,present,valid
5606051,UA56060510000062151,Шпанівська сільська територіальна громада,Рівненська область,Задовільний,present,valid
5608001,UA56080010000083302,Березівська сільська територіальна громада,Рівненська область,Дуже високий,present,valid
5608003,UA56080030000069650,Вирівська сільська територіальна громада,Рівненська область,Високий,present,valid
5608005,UA56080050000068593,Висоцька сільська територіальна громада,Рівненська область,Дуже високий,present,valid
5608007,UA56080070000040721,Дубровицька міська територіальна громада,Рівненська область,Дуже високий,present,valid
5608009,UA56080090000098391,Клесівська селищна територіальна громада,Рівненська область,Високий,present,valid
5608011,UA56080110000056503,Миляцька сільська територіальна громада,Рівненська область,Дуже високий,present,valid
5608013,UA56080130000056682,Немовицька сільська територіальна громада,Рівненська область,Високий,present,valid
5608015,UA56080150000069525,Рокитнівська селищна територіальна громада,Рівненська область,Високий,present,valid
5608017,UA56080170000055864,Сарненська міська територіальна громада,Рівненська область,Високий,present,valid
5608019,UA56080190000032614,Старосільська сільська територіальна громада,Рівненська область,Дуже високий,present,valid
5608021,UA56080210000074337,Степанська селищна територіальна громада,Рівненська область,Помірний,present,valid
5902001,UA59020010000024157,Бочечківська сільська територіальна громада,Сумська область,Високий,present,valid
5902003,UA59020030000072865,Буринська міська територіальна громада,Сумська область,Дуже високий,present,valid
5902005,UA59020050000012539,Дубов’язівська селищна територіальна громада,Сумська область,Високий,present,valid
5902007,UA59020070000032449,Конотопська міська територіальна громада,Сумська область,Високий,present,valid
5902009,UA59020090000085438,Кролевецька міська територіальна громада,Сумська область,Дуже високий,present,valid
5902011,UA59020110000066430,Новослобідська сільська територіальна громада,Сумська область,Дуже високий,present,valid
5902013,UA59020130000060377,Попівська сільська територіальна громада,Сумська область,Високий,present,valid
5902015,UA59020150000078955,Путивльська міська територіальна громада,Сумська область,Дуже високий,present,valid
5904001,UA59040010000075530,Боромлянська сільська територіальна громада,Сумська область,Дуже високий,present,valid
5904003,UA59040030000060142,Великописарівська селищна територіальна громада,Сумська область,Непереборний,present,valid
5904005,UA59040050000033127,Грунська сільська територіальна громада,Сумська область,Дуже високий,present,valid
5904007,UA59040070000045520,Кириківська селищна територіальна громада,Сумська область,Дуже високий,present,valid
5904009,UA59040090000041737,Комишанська сільська територіальна громада,Сумська область,Дуже високий,present,valid
5904011,UA59040110000026694,Охтирська міська територіальна громада,Сумська область,Дуже високий,present,valid
5904013,UA59040130000041676,Тростянецька міська територіальна громада,Сумська область,Дуже високий,present,valid
5904015,UA59040150000076482,Чернеччинська сільська територіальна громада,Сумська область,Дуже високий,present,valid
5904017,UA59040170000054314,Чупахівська селищна територіальна громада,Сумська область,Дуже високий,present,valid
5906001,UA59060010000042952,Андріяшівська сільська територіальна громада,Сумська область,Високий,present,valid
5906003,UA59060030000069916,Вільшанська сільська територіальна громада,Сумська область,Дуже високий,present,valid
5906005,UA59060050000060884,Коровинська сільська територіальна громада,Сумська область,Високий,present,valid
5906007,UA59060070000040784,Липоводолинська селищна територіальна громада,Сумська область,Високий,present,valid
5906009,UA59060090000012687,Недригайлівська селищна територіальна громада,Сумська область,Дуже високий,present,valid
5906011,UA59060110000049734,Роменська міська територіальна громада,Сумська область,Високий,present,valid
5906013,UA59060130000041204,Синівська сільська територіальна громада,Сумська область,Високий,present,valid
5906015,UA59060150000055022,Хмелівська сільська територіальна громада,Сумська область,Високий,present,valid
5908001,UA59080010000078468,Бездрицька сільська територіальна громада,Сумська область,Дуже високий,present,valid
5908003,UA59080030000075526,Білопільська міська територіальна громада,Сумська область,Непереборний,present,valid
5908005,UA59080050000061215,Верхньосироватська сільська територіальна громада,Сумська область,Дуже високий,present,valid
5908007,UA59080070000062635,Ворожбянська міська територіальна громада,Сумська область,Дуже високий,present,valid
5908009,UA59080090000092991,Краснопільська селищна територіальна громада,Сумська область,Дуже високий,present,valid
5908011,UA59080110000034361,Лебединська міська територіальна громада,Сумська область,Високий,present,valid
5908013,UA59080130000022249,Миколаївська селищна територіальна громада,Сумська область,Дуже високий,present,valid
5908015,UA59080150000013842,Миколаївська сільська територіальна громада,Сумська область,Дуже високий,present,valid
5908017,UA59080170000056499,Миропільська сільська територіальна громада,Сумська область,Дуже високий,present,valid
5908019,UA59080190000095280,Нижньосироватська сільська територіальна громада,Сумська область,Дуже високий,present,valid
5908021,UA59080210000075243,Річківська сільська територіальна громада,Сумська область,Дуже високий,present,valid
5908023,UA59080230000084731,Садівська сільська територіальна громада,Сумська область,Дуже високий,present,valid
5908025,UA59080250000082875,Степанівська селищна територіальна громада,Сумська область,Дуже високий,present,valid
5908027,UA59080270000073662,Сумська міська територіальна громада,Сумська область,Дуже високий,present,valid
5908029,UA59080290000021284,Хотінська селищна територіальна громада,Сумська область,Непереборний,present,valid
5908031,UA59080310000049988,Юнаківська сільська територіальна громада,Сумська область,Непереборний,present,valid
5910001,UA59100010000064812,Березівська сільська територіальна громада,Сумська область,Дуже високий,present,valid
5910003,UA59100030000078744,Глухівська міська територіальна громада,Сумська область,Дуже високий,present,valid
5910005,UA59100050000059594,Дружбівська міська територіальна громада,Сумська область,Дуже високий,present,valid
5910007,UA59100070000019079,Есманьська селищна територіальна громада,Сумська область,Дуже високий,present,valid
5910009,UA59100090000041284,Зноб-Новгородська селищна територіальна громада,Сумська область,Дуже високий,present,valid
5910011,UA59100110000012703,Свеська селищна територіальна громада,Сумська область,Дуже високий,present,valid
5910013,UA59100130000041016,Середино-Будська міська територіальна громада,Сумська область,Непереборний,present,valid
5910015,UA59100150000074932,Шалигинська селищна територіальна громада,Сумська область,Дуже високий,present,valid
5910017,UA59100170000093676,Шосткинська міська територіальна громада,Сумська область,Дуже високий,present,valid
5910019,UA59100190000010734,Ямпільська селищна територіальна громада,Сумська область,Дуже високий,present,valid
6102001,UA61020010000028670,Борсуківська сільська територіальна громада,Тернопільська область,Задовільний,present,valid
6102003,UA61020030000060484,Великодедеркальська сільська територіальна громада,Тернопільська область,Задовільний,present,valid
6102005,UA61020050000098539,Вишнівецька селищна територіальна громада,Тернопільська область,Задовільний,present,valid
6102007,UA61020070000092368,Кременецька міська територіальна громада,Тернопільська область,Задовільний,present,valid
6102009,UA61020090000020422,Лановецька міська територіальна громада,Тернопільська область,Задовільний,present,valid
6102011,UA61020110000084342,Лопушненська сільська територіальна громада,Тернопільська область,Задовільний,present,valid
6102013,UA61020130000037505,Почаївська міська територіальна громада,Тернопільська область,Задовільний,present,valid
6102015,UA61020150000036935,Шумська міська територіальна громада,Тернопільська область,Задовільний,present,valid
6104001,UA61040010000042862,Байковецька сільська територіальна громада,Тернопільська область,Задовільний,present,valid
6104003,UA61040030000060956,Бережанська міська територіальна громада,Тернопільська область,Задовільний,present,valid
6104005,UA61040050000096355,Білецька сільська територіальна громада,Тернопільська область,Задовільний,present,valid
6104007,UA61040070000079091,Великоберезовицька селищна територіальна громада,Тернопільська область,Задовільний,present,valid
6104009,UA61040090000047241,Великобірківська селищна територіальна громада,Тернопільська область,Задовільний,present,valid
6104011,UA61040110000010646,Великогаївська сільська територіальна громада,Тернопільська область,Задовільний,present,valid
6104013,UA61040130000085402,Залозецька селищна територіальна громада,Тернопільська область,Задовільний,present,valid
6104015,UA61040150000098181,Збаразька міська територіальна громада,Тернопільська область,Задовільний,present,valid
6104017,UA61040170000086062,Зборівська міська територіальна громада,Тернопільська область,Задовільний,present,valid
6104019,UA61040190000027979,Золотниківська сільська територіальна громада,Тернопільська область,Задовільний,present,valid
6104021,UA61040210000084270,Іванівська сільська територіальна громада,Тернопільська область,Задовільний,present,valid
6104023,UA61040230000060213,Козівська селищна територіальна громада,Тернопільська область,Задовільний,present,valid
6104025,UA61040250000021345,Козлівська селищна територіальна громада,Тернопільська область,Задовільний,present,valid
6104027,UA61040270000064661,Купчинецька сільська територіальна громада,Тернопільська область,Задовільний,present,valid
6104029,UA61040290000047781,Микулинецька селищна територіальна громада,Тернопільська область,Задовільний,present,valid
6104031,UA61040310000059301,Нараївська сільська територіальна громада,Тернопільська область,Задовільний,present,valid
6104033,UA61040330000096161,Озернянська сільська територіальна громада,Тернопільська область,Задовільний,present,valid
6104035,UA61040350000078247,Підволочиська селищна територіальна громада,Тернопільська область,Задовільний,present,valid
6104037,UA61040370000060170,Підгаєцька міська територіальна громада,Тернопільська область,Задовільний,present,valid
6104039,UA61040390000066619,Підгороднянська сільська територіальна громада,Тернопільська область,Задовільний,present,valid
6104041,UA61040410000065219,Саранчуківська сільська територіальна громада,Тернопільська область,Задовільний,present,valid
6104043,UA61040430000018305,Скалатська міська територіальна громада,Тернопільська область,Задовільний,present,valid
6104045,UA61040450000064468,Скориківська сільська територіальна громада,Тернопільська область,Задовільний,present,valid
6104047,UA61040470000038207,Теребовлянська міська територіальна громада,Тернопільська область,Задовільний,present,valid
6104049,UA61040490000035010,Тернопільська міська територіальна громада,Тернопільська область,Високий,present,valid
6106001,UA61060010000070653,Білобожницька сільська територіальна громада,Тернопільська область,Задовільний,present,valid
6106003,UA61060030000070527,Більче-Золотецька сільська територіальна громада,Тернопільська область,Задовільний,present,valid
6106005,UA61060050000068464,Борщівська міська територіальна громада,Тернопільська область,Задовільний,present,valid
6106007,UA61060070000098188,Бучацька міська територіальна громада,Тернопільська область,Задовільний,present,valid
6106009,UA61060090000060396,Васильковецька сільська територіальна громада,Тернопільська область,Задовільний,present,valid
6106011,UA61060110000078824,Гримайлівська селищна територіальна громада,Тернопільська область,Задовільний,present,valid
6106013,UA61060130000045755,Гусятинська селищна територіальна громада,Тернопільська область,Задовільний,present,valid
6106015,UA61060150000032895,Заводська селищна територіальна громада,Тернопільська область,Задовільний,present,valid
6106017,UA61060170000051011,Заліщицька міська територіальна громада,Тернопільська область,Задовільний,present,valid
6106019,UA61060190000016283,Золотопотіцька селищна територіальна громада,Тернопільська область,Задовільний,present,valid
6106021,UA61060210000021722,Іване-Пустенська сільська територіальна громада,Тернопільська область,Задовільний,present,valid
6106023,UA61060230000067504,Колиндянська сільська територіальна громада,Тернопільська область,Задовільний,present,valid
6106025,UA61060250000062700,Копичинецька міська територіальна громада,Тернопільська область,Задовільний,present,valid
6106027,UA61060270000084790,Коропецька селищна територіальна громада,Тернопільська область,Задовільний,present,valid
6106029,UA61060290000038953,Мельнице-Подільська селищна територіальна громада,Тернопільська область,Задовільний,present,valid
6106031,UA61060310000061998,Монастириська міська територіальна громада,Тернопільська область,Задовільний,present,valid
6106033,UA61060330000041227,Нагірянська сільська територіальна громада,Тернопільська область,Задовільний,present,valid
6106035,UA61060350000024021,Скала-Подільська селищна територіальна громада,Тернопільська область,Задовільний,present,valid
6106037,UA61060370000081851,Товстенська селищна територіальна громада,Тернопільська область,Задовільний,present,valid
6106039,UA61060390000013361,Трибухівська сільська територіальна громада,Тернопільська область,Задовільний,present,valid
6106041,UA61060410000092242,Хоростківська міська територіальна громада,Тернопільська область,Задовільний,present,valid
6106043,UA61060430000094264,Чортківська міська територіальна громада,Тернопільська область,Помірний,present,valid
6302001,UA63020010000079018,Богодухівська міська територіальна громада,Харківська область,Дуже високий,present,valid
6302003,UA63020030000094096,Валківська міська територіальна громада,Харківська область,Дуже високий,present,valid
6302005,UA63020050000045982,Золочівська селищна територіальна громада,Харківська область,Дуже високий,present,valid
6302007,UA63020070000090466,Коломацька селищна територіальна громада,Харківська область,Дуже високий,present,valid
6302009,UA63020090000096294,Краснокутська селищна територіальна громада,Харківська область,Дуже високий,present,valid
6304001,UA63040010000010092,Балаклійська міська територіальна громада,Харківська область,Дуже високий,present,valid
6304003,UA63040030000052515,Барвінківська міська територіальна громада,Харківська область,Дуже високий,present,valid
6304005,UA63040050000042831,Борівська селищна територіальна громада,Харківська область,Непереборний,present,valid
6304007,UA63040070000092606,Донецька селищна територіальна громада,Харківська область,Дуже високий,present,valid
6304009,UA63040090000021240,Ізюмська міська територіальна громада,Харківська область,Дуже високий,present,valid
6304011,UA63040110000053205,Куньєвська сільська територіальна громада,Харківська область,Дуже високий,present,valid
6304013,UA63040130000098894,Оскільська сільська територіальна громада,Харківська область,Дуже високий,present,valid
6304015,UA63040150000053402,Савинська селищна територіальна громада,Харківська область,Дуже високий,present,valid
6306001,UA63060010000015783,Зачепилівська селищна територіальна громада,Харківська область,Високий,present,valid
6306003,UA63060030000041642,Кегичівська селищна територіальна громада,Харківська область,Високий,present,valid
6306005,UA63060050000033240,Красноградська міська територіальна громада,Харківська область,Високий,present,valid
6306007,UA63060070000031032,Наталинська сільська територіальна громада,Харківська область,Високий,present,valid
6306009,UA63060090000041888,Сахновщинська селищна територіальна громада,Харківська область,Дуже високий,present,valid
6306011,UA63060110000043554,Старовірівська сільська територіальна громада,Харківська область,Дуже високий,present,valid
6308001,UA63080010000040281,Великобурлуцька селищна територіальна громада,Харківська область,Дуже високий,present,valid
6308003,UA63080030000019649,Вільхуватська сільська територіальна громада,Харківська область,Дуже високий,present,valid
6308005,UA63080050000048455,Дворічанська селищна територіальна громада,Харківська область,Непереборний,present,valid
6308007,UA63080070000080622,Кіндрашівська сільська територіальна громада,Харківська область,Непереборний,present,valid
6308009,UA63080090000067457,Куп’янська міська територіальна громада,Харківська область,Непереборний,present,valid
6308011,UA63080110000021737,Курилівська сільська територіальна громада,Харківська область,Непереборний,present,valid
6308013,UA63080130000077600,Петропавлівська сільська територіальна громада,Харківська область,Непереборний,present,valid
6308015,UA63080150000094794,Шевченківська селищна територіальна громада,Харківська область,Дуже високий,present,valid
6310001,UA63100010000016136,Біляївська сільська територіальна громада,Харківська область,Дуже високий,present,valid
6310003,UA63100030000050119,Близнюківська селищна територіальна громада,Харківська область,Дуже високий,present,valid
6310005,UA63100050000079487,Лозівська міська територіальна громада,Харківська область,Дуже високий,present,valid
6310007,UA63100070000048302,Олексіївська сільська територіальна громада,Харківська область,Дуже високий,present,valid
6310009,UA63100090000052019,Первомайська міська територіальна громада,Харківська область,Дуже високий,present,valid
6312001,UA63120010000021682,Безлюдівська селищна територіальна громада,Харківська область,Дуже високий,present,valid
6312003,UA63120030000035245,Височанська селищна територіальна громада,Харківська область,Дуже високий,present,valid
6312005,UA63120050000019867,Вільхівська сільська територіальна громада,Харківська область,Дуже високий,present,valid
6312007,UA63120070000018741,Дергачівська міська територіальна громада,Харківська область,Дуже високий,present,valid
6312009,UA63120090000046130,Липецька сільська територіальна громада,Харківська область,Непереборний,present,valid
6312011,UA63120110000043456,Люботинська міська територіальна громада,Харківська область,Дуже високий,present,valid
6312013,UA63120130000010762,Малоданилівська селищна територіальна громада,Харківська область,Дуже високий,present,valid
6312015,UA63120150000086206,Мереф’янська міська територіальна громада,Харківська область,Дуже високий,present,valid
6312017,UA63120170000093573,Нововодолазька селищна територіальна громада,Харківська область,Дуже високий,present,valid
6312019,UA63120190000093717,Південноміська міська територіальна громада,Харківська область,Дуже високий,present,valid
6312021,UA63120210000075842,Пісочинська селищна територіальна громада,Харківська область,Дуже високий,present,valid
6312023,UA63120230000080742,Роганська селищна територіальна громада,Харківська область,Дуже високий,present,valid
6312025,UA63120250000081463,Солоницівська селищна територіальна громада,Харківська область,Дуже високий,present,valid
6312027,UA63120270000028556,Харківська міська територіальна громада,Харківська область,Дуже високий,present,valid
6312029,UA63120290000021734,Циркунівська сільська територіальна громада,Харківська область,Дуже високий,present,valid
6314001,UA63140010000049419,Вовчанська міська територіальна громада,Харківська область,Непереборний,present,valid
6314003,UA63140030000091352,Зміївська міська територіальна громада,Харківська область,Дуже високий,present,valid
6314005,UA63140050000096783,Малинівська селищна територіальна громада,Харківська область,Дуже високий,present,valid
6314007,UA63140070000015310,Новопокровська селищна територіальна громада,Харківська область,Дуже високий,present,valid
6314009,UA63140090000052369,Печенізька селищна територіальна громада,Харківська область,Дуже високий,present,valid
6314011,UA63140110000087562,Слобожанська селищна територіальна громада,Харківська область,Дуже високий,present,valid
6314013,UA63140130000029212,Старосалтівська селищна територіальна громада,Харківська область,Дуже високий,present,valid
6314015,UA63140150000093944,Чкаловська селищна територіальна громада,Харківська область,Дуже високий,present,valid
6314017,UA63140170000087785,Чугуївська міська територіальна громада,Харківська область,Дуже високий,present,valid
6502001,UA65020010000060480,Бериславська міська територіальна громада,Херсонська область,Непереборний,present,valid
6502003,UA65020030000094118,Борозенська сільська територіальна громада,Херсонська область,Дуже високий,present,valid
6502005,UA65020050000086746,Великоолександрівська селищна територіальна громада,Херсонська область,Дуже високий,present,valid
6502007,UA65020070000029027,Високопільська селищна територіальна громада,Херсонська область,Дуже високий,present,valid
6502009,UA65020090000016354,Калинівська селищна територіальна громада,Херсонська область,Дуже високий,present,valid
6502011,UA65020110000081240,Кочубеївська сільська територіальна громада,Херсонська область,Дуже високий,present,valid
6502013,UA65020130000012731,Милівська сільська територіальна громада,Херсонська область,Непереборний,present,valid
6502015,UA65020150000047137,Нововоронцовська селищна територіальна громада,Херсонська область,Дуже високий,present,valid
6502017,UA65020170000056973,Новоолександрівська сільська територіальна громада,Херсонська область,Непереборний,present,valid
6502019,UA65020190000013272,Новорайська сільська територіальна громада,Херсонська область,Непереборний,present,valid
6502021,UA65020210000085773,Тягинська сільська територіальна громада,Херсонська область,Непереборний,present,valid
6504001,UA65040010000061104,Генічеська міська територіальна громада,Херсонська область,Непереборний,present,valid
6504003,UA65040030000056170,Іванівська селищна територіальна громада,Херсонська область,Непереборний,present,valid
6504005,UA65040050000029613,Нижньосірогозька селищна територіальна громада,Херсонська область,Непереборний,present,valid
6504007,UA65040070000086673,Новотроїцька селищна територіальна громада,Херсонська область,Непереборний,present,valid
6506001,UA65060010000033335,Асканія-Нова селищна територіальна громада,Херсонська область,Непереборний,present,valid
6506003,UA65060030000075716,Великолепетиська селищна територіальна громада,Херсонська область,Непереборний,present,valid
6506005,UA65060050000022914,Верхньорогачицька селищна територіальна громада,Херсонська область,Непереборний,present,valid
6506007,UA65060070000037346,Горностаївська селищна територіальна громада,Херсонська область,Непереборний,present,valid
6506009,UA65060090000037720,Зеленопідська сільська територіальна громада,Херсонська область,Непереборний,present,valid
6506011,UA65060110000017055,Каховська міська територіальна громада,Херсонська область,Непереборний,present,valid
6506013,UA65060130000026961,Костянтинівська сільська територіальна громада,Херсонська область,Непереборний,present,valid
6506015,UA65060150000054200,Любимівська селищна територіальна громада,Херсонська область,Непереборний,present,valid
6506017,UA65060170000032937,Новокаховська міська територіальна громада,Херсонська область,Непереборний,present,valid
6506019,UA65060190000091058,Присиваська сільська територіальна громада,Херсонська область,Непереборний,present,valid
6506021,UA65060210000049771,Рубанівська сільська територіальна громада,Херсонська область,Непереборний,present,valid
6506023,UA65060230000076026,Тавричанська сільська територіальна громада,Херсонська область,Непереборний,present,valid
6506025,UA65060250000073379,Таврійська міська територіальна громада,Херсонська область,Непереборний,present,valid
6506027,UA65060270000020124,Хрестівська сільська територіальна громада,Херсонська область,Непереборний,present,valid
6506029,UA65060290000041992,Чаплинська селищна територіальна громада,Херсонська область,Непереборний,present,valid
6508001,UA65080010000062554,Бехтерська сільська територіальна громада,Херсонська область,Непереборний,present,valid
6508003,UA65080030000058401,Голопристанська міська територіальна громада,Херсонська область,Непереборний,present,valid
6508005,UA65080050000077041,Долматівська сільська територіальна громада,Херсонська область,Непереборний,present,valid
6508007,UA65080070000011930,Каланчацька селищна територіальна громада,Херсонська область,Непереборний,present,valid
6508009,UA65080090000034188,Лазурненська селищна територіальна громада,Херсонська область,Непереборний,present,valid
6508011,UA65080110000032706,Мирненська селищна територіальна громада,Херсонська область,Непереборний,present,valid
6508013,UA65080130000090391,Новомиколаївська сільська територіальна громада,Херсонська область,Непереборний,present,valid
6508015,UA65080150000042499,Скадовська міська територіальна громада,Херсонська область,Непереборний,present,valid
6508017,UA65080170000067222,Чулаківська сільська територіальна громада,Херсонська область,Непереборний,present,valid
6510001,UA65100010000048953,Білозерська селищна територіальна громада,Херсонська область,Непереборний,present,valid
6510003,UA65100030000028786,Великокопанівська сільська територіальна громада,Херсонська область,Непереборний,present,valid
6510005,UA65100050000017921,Виноградівська сільська територіальна громада,Херсонська область,Непереборний,present,valid
6510007,UA65100070000064512,Дар’ївська сільська територіальна громада,Херсонська область,Непереборний,present,valid
6510009,UA65100090000097337,Музиківська сільська територіальна громада,Херсонська область,Дуже високий,present,valid
6510011,UA65100110000015344,Олешківська міська територіальна громада,Херсонська область,Непереборний,present,valid
6510013,UA65100130000084882,Станіславська сільська територіальна громада,Херсонська область,Непереборний,present,valid
6510015,UA65100150000057191,Херсонська міська територіальна громада,Херсонська область,Непереборний,present,valid
6510017,UA65100170000014054,Чорнобаївська сільська територіальна громада,Херсонська область,Дуже високий,present,valid
6510019,UA65100190000073217,Ювілейна сільська територіальна громада,Херсонська область,Непереборний,present,valid
6802001,UA68020010000017180,Гуківська сільська територіальна громада,Хмельницька область,Задовільний,present,valid
6802003,UA68020030000032574,Гуменецька сільська територіальна громада,Хмельницька область,Задовільний,present,valid
6802005,UA68020050000040518,Дунаєвецька міська територіальна громада,Хмельницька область,Задовільний,present,valid
6802007,UA68020070000084437,Жванецька сільська територіальна громада,Хмельницька область,Задовільний,present,valid
6802009,UA68020090000037732,Закупненська селищна територіальна громада,Хмельницька область,Задовільний,present,valid
6802011,UA68020110000071202,Кам’янець-Подільська міська територіальна громада,Хмельницька область,Помірний,present,valid
6802013,UA68020130000052994,Китайгородська сільська територіальна громада,Хмельницька область,Задовільний,present,valid
6802015,UA68020150000089666,Маківська сільська територіальна громада,Хмельницька область,Задовільний,present,valid
6802017,UA68020170000033495,Новодунаєвецька селищна територіальна громада,Хмельницька область,Задовільний,present,valid
6802019,UA68020190000052031,Новоушицька селищна територіальна громада,Хмельницька область,Задовільний,present,valid
6802021,UA68020210000024765,Орининська сільська територіальна громада,Хмельницька область,Задовільний,present,valid
6802023,UA68020230000069135,Слобідсько-Кульчієвецька сільська територіальна громада,Хмельницька область,Задовільний,present,valid
6802025,UA68020250000080044,Смотрицька селищна територіальна громада,Хмельницька область,Задовільний,present,valid
6802027,UA68020270000040572,Староушицька селищна територіальна громада,Хмельницька область,Задовільний,present,valid
6802029,UA68020290000026103,Чемеровецька селищна територіальна громада,Хмельницька область,Задовільний,present,valid
6804001,UA68040010000025276,Антонінська селищна територіальна громада,Хмельницька область,Задовільний,present,valid
6804003,UA68040030000027335,Вiйтовецька селищна територіальна громада,Хмельницька область,Задовільний,present,valid
6804005,UA68040050000052367,Віньковецька селищна територіальна громада,Хмельницька область,Задовільний,present,valid
6804007,UA68040070000035730,Вовковинецька селищна територіальна громада,Хмельницька область,Помірний,present,valid
6804009,UA68040090000087566,Волочиська міська територіальна громада,Хмельницька область,Задовільний,present,valid
6804011,UA68040110000011931,Гвардійська сільська територіальна громада,Хмельницька область,Задовільний,present,valid
6804013,UA68040130000024471,Городоцька міська територіальна громада,Хмельницька область,Задовільний,present,valid
6804015,UA68040150000077185,Деражнянська міська територіальна громада,Хмельницька область,Задовільний,present,valid
6804017,UA68040170000061140,Заслучненська сільська територіальна громада,Хмельницька область,Задовільний,present,valid
6804019,UA68040190000021840,Зіньківська сільська територіальна громада,Хмельницька область,Задовільний,present,valid
6804021,UA68040210000089917,Красилівська міська територіальна громада,Хмельницька область,Задовільний,present,valid
6804023,UA68040230000081901,Летичівська селищна територіальна громада,Хмельницька область,Задовільний,present,valid
6804025,UA68040250000053378,Лісовогринівецька сільська територіальна громада,Хмельницька область,Задовільний,present,valid
6804027,UA68040270000072985,Меджибізька селищна територіальна громада,Хмельницька область,Задовільний,present,valid
6804029,UA68040290000010822,Миролюбненська сільська територіальна громада,Хмельницька область,Задовільний,present,valid
6804031,UA68040310000052042,Наркевицька селищна територіальна громада,Хмельницька область,Задовільний,present,valid
6804033,UA68040330000086970,Розсошанська сільська територіальна громада,Хмельницька область,Задовільний,present,valid
6804035,UA68040350000083350,Сатанівська селищна територіальна громада,Хмельницька область,Задовільний,present,valid
6804037,UA68040370000082743,Солобковецька сільська територіальна громада,Хмельницька область,Задовільний,present,valid
6804039,UA68040390000011141,Старокостянтинівська міська територіальна громада,Хмельницька область,Задовільний,present,valid
6804041,UA68040410000062890,Староостропільська сільська територіальна громада,Хмельницька область,Задовільний,present,valid
6804043,UA68040430000052699,Старосинявська селищна територіальна громада,Хмельницька область,Задовільний,present,valid
6804045,UA68040450000097735,Теофіпольська селищна територіальна громада,Хмельницька область,Задовільний,present,valid
6804047,UA68040470000053519,Хмельницька міська територіальна громада,Хмельницька область,Високий,present,valid
6804049,UA68040490000093353,Чорноострівська селищна територіальна громада,Хмельницька область,Задовільний,present,valid
6804051,UA68040510000019366,Щиборівська сільська територіальна громада,Хмельницька область,Задовільний,present,valid
6804053,UA68040530000044109,Ярмолинецька селищна територіальна громада,Хмельницька область,Задовільний,present,valid
6806001,UA68060010000056690,Берездівська сільська територіальна громада,Хмельницька область,Задовільний,present,valid
6806003,UA68060030000077318,Білогірська селищна територіальна громада,Хмельницька область,Задовільний,present,valid
6806005,UA68060050000037587,Ганнопільська сільська територіальна громада,Хмельницька область,Задовільний,present,valid
6806007,UA68060070000048275,Грицівська селищна територіальна громада,Хмельницька область,Задовільний,present,valid
6806009,UA68060090000093924,Ізяславська міська територіальна громада,Хмельницька область,Задовільний,present,valid
6806011,UA68060110000046608,Крупецька сільська територіальна громада,Хмельницька область,Задовільний,present,valid
6806013,UA68060130000034298,Ленковецька сільська територіальна громада,Хмельницька область,Задовільний,present,valid
6806015,UA68060150000029549,Михайлюцька сільська територіальна громада,Хмельницька область,Задовільний,present,valid
6806017,UA68060170000075276,Нетішинська міська територіальна громада,Хмельницька область,Помірний,present,valid
6806019,UA68060190000075749,Плужненська сільська територіальна громада,Хмельницька область,Задовільний,present,valid
6806021,UA68060210000095851,Полонська міська територіальна громада,Хмельницька область,Задовільний,present,valid
6806023,UA68060230000028195,Понінківська селищна територіальна громада,Хмельницька область,Задовільний,present,valid
6806025,UA68060250000078635,Сахновецька сільська територіальна громада,Хмельницька область,Задовільний,present,valid
6806027,UA68060270000042174,Славутська міська територіальна громада,Хмельницька область,Помірний,present,valid
6806029,UA68060290000039941,Судилківська сільська територіальна громада,Хмельницька область,Задовільний,present,valid
6806031,UA68060310000022172,Улашанівська сільська територіальна громада,Хмельницька область,Задовільний,present,valid
6806033,UA68060330000029010,Шепетівська міська територіальна громада,Хмельницька область,Помірний,present,valid
6806035,UA68060350000035460,Ямпільська селищна територіальна громада,Хмельницька область,Задовільний,present,valid
7102001,UA71020010000037786,Бужанська сільська територіальна громада,Черкаська область,Задовільний,present,valid
7102003,UA71020030000059581,Ватутінська міська територіальна громада,Черкаська область,Помірний,present,valid
7102005,UA71020050000074004,Виноградська сільська територіальна громада,Черкаська область,Задовільний,present,valid
7102007,UA71020070000078820,Вільшанська селищна територіальна громада,Черкаська область,Задовільний,present,valid
7102009,UA71020090000047211,Водяницька сільська територіальна громада,Черкаська область,Задовільний,present,valid
7102011,UA71020110000015834,Єрківська селищна територіальна громада,Черкаська область,Помірний,present,valid
7102013,UA71020130000086047,Звенигородська міська територіальна громада,Черкаська область,Задовільний,present,valid
7102015,UA71020150000082849,Катеринопільська селищна територіальна громада,Черкаська область,Помірний,present,valid
7102017,UA71020170000024193,Лип’янська сільська територіальна громада,Черкаська область,Помірний,present,valid
7102019,UA71020190000034403,Лисянська селищна територіальна громада,Черкаська область,Задовільний,present,valid
7102021,UA71020210000030936,Матусівська сільська територіальна громада,Черкаська область,Помірний,present,valid
7102023,UA71020230000095267,Мокрокалигірська сільська територіальна громада,Черкаська область,Помірний,present,valid
7102025,UA71020250000078192,Селищенська сільська територіальна громада,Черкаська область,Задовільний,present,valid
7102027,UA71020270000021083,Стеблівська селищна територіальна громада,Черкаська область,Задовільний,present,valid
7102029,UA71020290000032540,Тальнівська міська територіальна громада,Черкаська область,Помірний,present,valid
7102031,UA71020310000027379,Шевченківська сільська територіальна громада,Черкаська область,Задовільний,present,valid
7102033,UA71020330000027449,Шполянська міська територіальна громада,Черкаська область,Помірний,present,valid
7104001,UA71040010000032874,Великохутірська сільська територіальна громада,Черкаська область,Помірний,present,valid
7104003,UA71040030000055285,Вознесенська сільська територіальна громада,Черкаська область,Помірний,present,valid
7104005,UA71040050000016509,Гельмязівська сільська територіальна громада,Черкаська область,Помірний,present,valid
7104007,UA71040070000034468,Драбівська селищна територіальна громада,Черкаська область,Помірний,present,valid
7104009,UA71040090000047664,Золотоніська міська територіальна громада,Черкаська область,Помірний,present,valid
7104011,UA71040110000054881,Зорівська сільська територіальна громада,Черкаська область,Помірний,present,valid
7104013,UA71040130000029175,Іркліївська сільська територіальна громада,Черкаська область,Помірний,present,valid
7104015,UA71040150000026547,Новодмитрівська сільська територіальна громада,Черкаська область,Помірний,present,valid
7104017,UA71040170000034734,Піщанська сільська територіальна громада,Черкаська область,Помірний,present,valid
7104019,UA71040190000080571,Чорнобаївська селищна територіальна громада,Черкаська область,Помірний,present,valid
7104021,UA71040210000024694,Шрамківська сільська територіальна громада,Черкаська область,Помірний,present,valid
7106001,UA71060010000027807,Бабанська селищна територіальна громада,Черкаська область,Помірний,present,valid
7106003,UA71060030000053648,Баштечківська сільська територіальна громада,Черкаська область,Задовільний,present,valid
7106005,UA71060050000056084,Буцька селищна територіальна громада,Черкаська область,Задовільний,present,valid
7106007,UA71060070000098837,Дмитрушківська сільська територіальна громада,Черкаська область,Помірний,present,valid
7106009,UA71060090000088339,Жашківська міська територіальна громада,Черкаська область,Задовільний,present,valid
7106011,UA71060110000085867,Іваньківська сільська територіальна громада,Черкаська область,Задовільний,present,valid
7106013,UA71060130000099511,Ладижинська сільська територіальна громада,Черкаська область,Помірний,present,valid
7106015,UA71060150000062190,Маньківська селищна територіальна громада,Черкаська область,Задовільний,present,valid
7106017,UA71060170000092613,Монастирищенська міська територіальна громада,Черкаська область,Задовільний,present,valid
7106019,UA71060190000086831,Паланська сільська територіальна громада,Черкаська область,Помірний,present,valid
7106021,UA71060210000032972,Уманська міська територіальна громада,Черкаська область,Високий,present,valid
7106023,UA71060230000095772,Христинівська міська територіальна громада,Черкаська область,Помірний,present,valid
7108001,UA71080010000073303,Балаклеївська сільська територіальна громада,Черкаська область,Помірний,present,valid
7108003,UA71080030000050121,Березняківська сільська територіальна громада,Черкаська область,Помірний,present,valid
7108005,UA71080050000028174,Білозірська сільська територіальна громада,Черкаська область,Помірний,present,valid
7108007,UA71080070000050993,Бобрицька сільська територіальна громада,Черкаська область,Помірний,present,valid
7108009,UA71080090000075810,Будищенська сільська територіальна громада,Черкаська область,Помірний,present,valid
7108011,UA71080110000055395,Городищенська міська територіальна громада,Черкаська область,Помірний,present,valid
7108013,UA71080130000078619,Кам’янська міська територіальна громада,Черкаська область,Помірний,present,valid
7108015,UA71080150000071745,Канівська міська територіальна громада,Черкаська область,Помірний,present,valid
7108017,UA71080170000080118,Корсунь-Шевченківська міська територіальна громада,Черкаська область,Задовільний,present,valid
7108019,UA71080190000038712,Леськівська сільська територіальна громада,Черкаська область,Помірний,present,valid
7108021,UA71080210000074132,Ліплявська сільська територіальна громада,Черкаська область,Помірний,present,valid
7108023,UA71080230000065521,Медведівська сільська територіальна громада,Черкаська область,Помірний,present,valid
7108025,UA71080250000099725,Михайлівська сільська територіальна громада,Черкаська область,Помірний,present,valid
7108027,UA71080270000076233,Мліївська сільська територіальна громада,Черкаська область,Задовільний,present,valid
7108029,UA71080290000067044,Мошнівська сільська територіальна громада,Черкаська область,Помірний,present,valid
7108031,UA71080310000072487,Набутівська сільська територіальна громада,Черкаська область,Задовільний,present,valid
7108033,UA71080330000082129,Ротмістрівська сільська територіальна громада,Черкаська область,Помірний,present,valid
7108035,UA71080350000033809,Руськополянська сільська територіальна громада,Черкаська область,Помірний,present,valid
7108037,UA71080370000064287,Сагунівська сільська територіальна громада,Черкаська область,Помірний,present,valid
7108039,UA71080390000078978,Смілянська міська територіальна громада,Черкаська область,Помірний,present,valid
7108041,UA71080410000061690,Степанецька сільська територіальна громада,Черкаська область,Задовільний,present,valid
7108043,UA71080430000025181,Степанківська сільська територіальна громада,Черкаська область,Помірний,present,valid
7108045,UA71080450000083423,Тернівська сільська територіальна громада,Черкаська область,Помірний,present,valid
7108047,UA71080470000038153,Червонослобідська сільська територіальна громада,Черкаська область,Помірний,present,valid
7108049,UA71080490000022110,Черкаська міська територіальна громада,Черкаська область,Високий,present,valid
7108051,UA71080510000028067,Чигиринська міська територіальна громада,Черкаська область,Помірний,present,valid
7302001,UA73020010000044067,Банилівська сільська територіальна громада,Чернівецька область,Задовільний,present,valid
7302003,UA73020030000022011,Берегометська селищна територіальна громада,Чернівецька область,Задовільний,present,valid
7302005,UA73020050000061546,Брусницька сільська територіальна громада,Чернівецька область,Задовільний,present,valid
7302007,UA73020070000035367,Вашківецька міська територіальна громада,Чернівецька область,Помірний,present,valid
7302009,UA73020090000031499,Вижницька міська територіальна громада,Чернівецька область,Задовільний,present,valid
7302011,UA73020110000071923,Конятинська сільська територіальна громада,Чернівецька область,Задовільний,present,valid
7302013,UA73020130000092871,Путильська селищна територіальна громада,Чернівецька область,Задовільний,present,valid
7302015,UA73020150000076225,Селятинська сільська територіальна громада,Чернівецька область,Задовільний,present,valid
7302017,UA73020170000016631,Усть-Путильська сільська територіальна громада,Чернівецька область,Задовільний,present,valid
7304001,UA73040010000039325,Вашковецька сільська територіальна громада,Чернівецька область,Задовільний,present,valid
7304003,UA73040030000042378,Кельменецька селищна територіальна громада,Чернівецька область,Задовільний,present,valid
7304005,UA73040050000080963,Клішковецька сільська територіальна громада,Чернівецька область,Задовільний,present,valid
7304007,UA73040070000053425,Лівинецька сільська територіальна громада,Чернівецька область,Задовільний,present,valid
7304009,UA73040090000036527,Мамалигівська сільська територіальна громада,Чернівецька область,Задовільний,present,valid
7304011,UA73040110000040354,Недобоївська сільська територіальна громада,Чернівецька область,Задовільний,present,valid
7304013,UA73040130000087963,Новодністровська міська територіальна громада,Чернівецька область,Помірний,present,valid
7304015,UA73040150000056182,Рукшинська сільська територіальна громада,Чернівецька область,Задовільний,present,valid
7304017,UA73040170000011490,Сокирянська міська територіальна громада,Чернівецька область,Задовільний,present,valid
7304019,UA73040190000062796,Хотинська міська територіальна громада,Чернівецька область,Задовільний,present,valid
7306001,UA73060010000052133,Боянська сільська територіальна громада,Чернівецька область,Задовільний,present,valid
7306003,UA73060030000078843,Ванчиковецька сільська територіальна громада,Чернівецька область,Задовільний,present,valid
7306005,UA73060050000034325,Великокучурівська сільська територіальна громада,Чернівецька область,Задовільний,present,valid
7306007,UA73060070000082869,Веренчанська сільська територіальна громада,Чернівецька область,Задовільний,present,valid
7306009,UA73060090000047054,Вікнянська сільська територіальна громада,Чернівецька область,Задовільний,present,valid
7306011,UA73060110000070017,Волоківська сільська територіальна громада,Чернівецька область,Задовільний,present,valid
7306013,UA73060130000078771,Герцаївська міська територіальна громада,Чернівецька область,Задовільний,present,valid
7306015,UA73060150000088691,Глибоцька селищна територіальна громада,Чернівецька область,Задовільний,present,valid
7306017,UA73060170000031531,Горішньошеровецька сільська територіальна громада,Чернівецька область,Задовільний,present,valid
7306019,UA73060190000043347,Заставнівська міська територіальна громада,Чернівецька область,Задовільний,present,valid
7306021,UA73060210000010691,Кадубовецька сільська територіальна громада,Чернівецька область,Задовільний,present,valid
7306023,UA73060230000024500,Кам’янецька сільська територіальна громада,Чернівецька область,Задовільний,present,valid
7306025,UA73060250000049790,Кам’янська сільська територіальна громада,Чернівецька область,Задовільний,present,valid
7306027,UA73060270000016588,Карапчівська сільська територіальна громада,Чернівецька область,Задовільний,present,valid
7306029,UA73060290000034305,Кіцманська міська територіальна громада,Чернівецька область,Задовільний,present,valid
7306031,UA73060310000074904,Кострижівська селищна територіальна громада,Чернівецька область,Задовільний,present,valid
7306033,UA73060330000039245,Красноїльська селищна територіальна громада,Чернівецька область,Помірний,present,valid
7306035,UA73060350000057190,Магальська сільська територіальна громада,Чернівецька область,Задовільний,present,valid
7306037,UA73060370000059595,Мамаївська сільська територіальна громада,Чернівецька область,Задовільний,present,valid
7306039,UA73060390000017602,Неполоковецька селищна територіальна громада,Чернівецька область,Задовільний,present,valid
7306041,UA73060410000077092,Новоселицька міська територіальна громада,Чернівецька область,Задовільний,present,valid
7306043,UA73060430000042676,Острицька сільська територіальна громада,Чернівецька область,Задовільний,present,valid
7306045,UA73060450000099566,Петровецька сільська територіальна громада,Чернівецька область,Задовільний,present,valid
7306047,UA73060470000040033,Ставчанська сільська територіальна громада,Чернівецька область,Задовільний,present,valid
7306049,UA73060490000033679,Сторожинецька міська територіальна громада,Чернівецька область,Задовільний,present,valid
7306051,UA73060510000025800,Сучевенська сільська територіальна громада,Чернівецька область,Задовільний,present,valid
7306053,UA73060530000099979,Тарашанська сільська територіальна громада,Чернівецька область,Задовільний,present,valid
7306055,UA73060550000052402,Тереблеченська сільська територіальна громада,Чернівецька область,Задовільний,present,valid
7306057,UA73060570000058573,Топорівська сільська територіальна громада,Чернівецька область,Задовільний,present,valid
7306059,UA73060590000095243,Чагорська сільська територіальна громада,Чернівецька область,Задовільний,present,valid
7306061,UA73060610000066784,Чернівецька міська територіальна громада,Чернівецька область,Задовільний,present,valid
7306063,UA73060630000091311,Чудейська сільська територіальна громада,Чернівецька область,Задовільний,present,valid
7306065,UA73060650000012771,Юрковецька сільська територіальна громада,Чернівецька область,Задовільний,present,valid
7402001,UA74020010000010449,Корюківська міська територіальна громада,Чернігівська область,Непереборний,present,valid
7402003,UA74020030000069340,Менська міська територіальна громада,Чернігівська область,Дуже високий,present,valid
7402005,UA74020050000033944,Сновська міська територіальна громада,Чернігівська область,Непереборний,present,valid
7402007,UA74020070000037186,Сосницька селищна територіальна громада,Чернігівська область,Дуже високий,present,valid
7402009,UA74020090000083820,Холминська селищна територіальна громада,Чернігівська область,Дуже високий,present,valid
7404001,UA74040010000076097,Батуринська міська територіальна громада,Чернігівська область,Високий,present,valid
7404003,UA74040030000093042,Бахмацька міська територіальна громада,Чернігівська область,Високий,present,valid
7404005,UA74040050000013413,Бобровицька міська територіальна громада,Чернігівська область,Помірний,present,valid
7404007,UA74040070000086652,Борзнянська міська територіальна громада,Чернігівська область,Високий,present,valid
7404009,UA74040090000047246,Вертіївська сільська територіальна громада,Чернігівська область,Високий,present,valid
7404011,UA74040110000021989,Височанська сільська територіальна громада,Чернігівська область,Високий,present,valid
7404013,UA74040130000094076,Дмитрівська селищна територіальна громада,Чернігівська область,Високий,present,valid
7404015,UA74040150000010608,Комарівська сільська територіальна громада,Чернігівська область,Високий,present,valid
7404017,UA74040170000037628,Крутівська сільська територіальна громада,Чернігівська область,Високий,present,valid
7404019,UA74040190000070909,Лосинівська селищна територіальна громада,Чернігівська область,Високий,present,valid
7404021,UA74040210000018988,Макіївська сільська територіальна громада,Чернігівська область,Помірний,present,valid
7404023,UA74040230000022565,Мринська сільська територіальна громада,Чернігівська область,Високий,present,valid
7404025,UA74040250000063494,Ніжинська міська територіальна громада,Чернігівська область,Високий,present,valid
7404027,UA74040270000069132,Новобасанська сільська територіальна громада,Чернігівська область,Помірний,present,valid
7404029,UA74040290000072674,Носівська міська територіальна громада,Чернігівська область,Високий,present,valid
7404031,UA74040310000039217,Плисківська сільська територіальна громада,Чернігівська область,Високий,present,valid
7404033,UA74040330000024949,Талалаївська сільська територіальна громада,Чернігівська область,Високий,present,valid
7406001,UA74060010000052907,Коропська селищна територіальна громада,Чернігівська область,Дуже високий,present,valid
7406003,UA74060030000026607,Новгород-Сіверська міська територіальна громада,Чернігівська область,Непереборний,present,valid
7406005,UA74060050000061355,Понорницька селищна територіальна громада,Чернігівська область,Дуже високий,present,valid
7406007,UA74060070000028810,Семенівська міська територіальна громада,Чернігівська область,Непереборний,present,valid
7408001,UA74080010000063011,Варвинська селищна територіальна громада,Чернігівська область,Помірний,present,valid
7408003,UA74080030000040714,Ічнянська міська територіальна громада,Чернігівська область,Високий,present,valid
7408005,UA74080050000033938,Ладанська селищна територіальна громада,Чернігівська область,Помірний,present,valid
7408007,UA74080070000022285,Линовицька селищна територіальна громада,Чернігівська область,Помірний,present,valid
7408009,UA74080090000092409,Малодівицька селищна територіальна громада,Чернігівська область,Помірний,present,valid
7408011,UA74080110000023749,Парафіївська селищна територіальна громада,Чернігівська область,Високий,present,valid
7408013,UA74080130000060606,Прилуцька міська територіальна громада,Чернігівська область,Помірний,present,valid
7408015,UA74080150000033167,Срібнянська селищна територіальна громада,Чернігівська область,Високий,present,valid
7408017,UA74080170000055617,Сухополов’янська сільська територіальна громада,Чернігівська область,Помірний,present,valid
7408019,UA74080190000091939,Талалаївська селищна територіальна громада,Чернігівська область,Високий,present,valid
7408021,UA74080210000098421,Яблунівська сільська територіальна громада,Чернігівська область,Помірний,present,valid
7410001,UA74100010000063674,Березнянська селищна територіальна громада,Чернігівська область,Дуже високий,present,valid
7410003,UA74100030000076377,Гончарівська селищна територіальна громада,Чернігівська область,Дуже високий,present,valid
7410005,UA74100050000019554,Городнянська міська територіальна громада,Чернігівська область,Дуже високий,present,valid
7410007,UA74100070000057810,Деснянська селищна територіальна громада,Чернігівська область,Дуже високий,present,valid
7410009,UA74100090000064336,Добрянська селищна територіальна громада,Чернігівська область,Дуже високий,present,valid
7410011,UA74100110000030364,Іванівська сільська територіальна громада,Чернігівська область,Високий,present,valid
7410013,UA74100130000039404,Киїнська сільська територіальна громада,Чернігівська область,Високий,present,valid
7410015,UA74100150000090847,Киселівська сільська територіальна громада,Чернігівська область,Дуже високий,present,valid
7410017,UA74100170000043593,Кіптівська сільська територіальна громада,Чернігівська область,Високий,present,valid
7410019,UA74100190000086457,Козелецька селищна територіальна громада,Чернігівська область,Високий,present,valid
7410021,UA74100210000053397,Куликівська селищна територіальна громада,Чернігівська область,Дуже високий,present,valid
7410023,UA74100230000068041,Любецька селищна територіальна громада,Чернігівська область,Дуже високий,present,valid
7410025,UA74100250000038291,Михайло-Коцюбинська селищна територіальна громада,Чернігівська область,Дуже високий,present,valid
7410027,UA74100270000049748,Новобілоуська сільська територіальна громада,Чернігівська область,Високий,present,valid
7410029,UA74100290000084770,Олишівська селищна територіальна громада,Чернігівська область,Високий,present,valid
7410031,UA74100310000091595,Остерська міська територіальна громада,Чернігівська область,Дуже високий,present,valid
7410033,UA74100330000029082,Ріпкинська селищна територіальна громада,Чернігівська область,Дуже високий,present,valid
7410035,UA74100350000075160,Седнівська селищна територіальна громада,Чернігівська область,Дуже високий,present,valid
7410037,UA74100370000041962,Тупичівська сільська територіальна громада,Чернігівська область,Дуже високий,present,valid
7410039,UA74100390000073425,Чернігівська міська територіальна громада,Чернігівська область,Високий,present,valid
8000000,UA80000000000093317,місто Київ,місто Київ,Високий,present,valid
8500000,UA85000000000065278,місто Севастополь,місто Севастополь,Непереборний,present,valid
